;
Plot|Infectious people;
X;Y
1;0,999775288
2;1,12135927
3;1,360824705
4;1,729192253
5;2,251461304
6;2,96748204
7;3,934483067
8;5,23129264
9;6,964480112
10;9,276822254
11;12,35868291
12;16,4630933
13;21,925535
14;29,18964521
15;38,84024859
16;51,64519442
17;68,60729761
18;91,02699167
19;120,5746839
20;159,3686246
21;210,048506
22;275,8260672
23;360,4811797
24;468,2563191
25;603,5886851
26;770,6183689
27;972,4406195
28;1210,149143
29;1481,847182
30;1781,94197
31;2101,090805
32;2427,031974
33;2746,207026
34;3045,722439
35;3315,043594
36;3546,9696
37;3737,782882
38;3886,77309
39;3995,458578
40;4066,783631
41;4104,451168
42;4112,441749
43;4094,704001
44;4054,975976
45;3996,695449
46;3922,965657
47;3836,553143
48;3739,902801
49;3635,161152
50;3524,202781
51;3408,657102
52;3289,934068
53;3169,248121
54;3047,640137
55;2925,997341
56;2805,071249
57;2685,49377
58;2567,79163
59;2452,39924
60;2339,670182
61;2229,887432
62;2123,272454
63;2019,99328
64;1920,171676
65;1823,889498
66;1731,194311
67;1642,104366
68;1556,612985
69;1474,692426
70;1396,297293
71;1321,367521
72;1249,830995
73;1181,605847
74;1116,602451
75;1054,725169
76;995,8738554
77;939,9451695
78;886,8336957
79;836,4329113
80;788,6360098
81;743,3365999
82;700,4292949
83;659,8102051
84;621,377346
85;585,0309714
86;550,6738423
87;518,2114385
88;487,5521215
89;458,6072545
90;431,2912859
91;405,5218003
92;381,2195429
93;358,3084212
94;336,7154861
95;316,370897
96;297,2078737
97;279,162636
98;262,1743349
99;246,1849757
100;231,1393362
101;216,9848797
102;203,6716653
103;191,1522557
104;179,3816243
105;168,3170614
106;157,9180804
107;148,1463253
108;138,9654786
109;130,341172
110;122,2408973
111;114,6339207
112;107,4911992
113;100,7852989
114;94,49031673
115;88,58180412
116;83,0366939
117;77,83322978
118;72,95089863
119;68,37036554
120;64,07341158
121;60,04287435
122;56,26259105
123;52,71734427
124;49,39281021
125;46,27550947
126;43,35276008
127;40,61263293
128;38,04390946
129;35,63604135
130;33,37911242
131;31,26380243
132;29,28135279
133;27,42353411
134;25,68261542
135;24,05133516
136;22,52287366
137;21,09082712
138;19,74918313
139;18,49229746
140;17,31487216
141;16,21193494
142;15,17881968
143;14,21114808
144;13,30481233
145;12,45595879
146;11,66097265
147;10,91646342
148;10,21925132
149;9,566354446
150;8,954976686
151;8,382496367
152;7,846455557
153;7,344550022
154;6,874619764
155;6,434640144
156;6,022713518
157;5,637061397
158;5,276017062
159;4,938018641
160;4,621602595
161;4,325397604
162;4,048118828
163;3,788562518
164;3,545600949
165;3,318177677
166;3,105303076
167;2,906050153
168;2,719550626
169;2,544991236
170;2,381610294
171;2,228694436
172;2,085575586
173;1,951628101
174;1,826266096
175;1,70894094
176;1,5991389
177;1,496378938
178;1,400210644
179;1,310212301
180;1,225989062
181;1,147171255
182;1,073412783
183;1,00438963
184;0,93979846
185;0,879355305
186;0,822794331
187;0,76986669
188;0,720339436
189;0,673994515
190;0,63062782
191;0,590048295
192;0,552077112
193;0,516546886
194;0,483300949
195;0,452192664
196;0,423084787
197;0,395848864
198;0,370364673
199;0,346519699
200;0,324208638
201;0,303332937
202;0,283800365
203;0,265524606
204;0,248424882
205;0,232425598
206;0,217456009
207;0,203449913
208;0,190345358
209;0,178084367
210;0,16661269
211;0,155879557
212;0,145837463
213;0,136441952
214;0,127651426
215;0,11942696
216;0,11173213
217;0,104532854
218;0,097797239
219;0,091495444
220;0,085599546
221;0,080083419
222;0,074922615
223;0,070094259
224;0,065576949
225;0,061350656
226;0,057396644
227;0,05369738
228;0,050236458
229;0,046998531
230;0,043969236
231;0,041135137
232;0,038483661
233;0,036003046
234;0,033682286
235;0,031511084
236;0,029479806
237;0,027579436
238;0,025801543
239;0,024138234
240;0,022582128
241;0,021126317
242;0,019764339
243;0,018490149
244;0,017298088
245;0,016182866
246;0,01513953
247;0,014163448
248;0,013250286
249;0,012395989
250;0,011596763
251;0,010849058
252;0,010149556
253;0,009495148
254;0,008882928
255;0,008310177
256;0,007774351
257;0,00727307
258;0,006804107
259;0,006365379
260;0,005954936
261;0,005570957
262;0,005211734
263;0,004875672
264;0,004561278
265;0,004267155
266;0,003991996
267;0,003734578
268;0,003493758
269;0,003268466
270;0,0030577
271;0,002860525
272;0,002676063
273;0,002503496
274;0,002342056
275;0,002191025
276;0,002049734
277;0,001917553
278;0,001793896
279;0,001678212
280;0,001569989
281;0,001468744
282;0,001374027
283;0,001285418
284;0,001202524
285;0,001124975
286;0,001052426
287;0,000984556
288;0,000921063
289;0,000861664
290;0,000806096
291;0,000754111
292;0,000705478
293;0,000659981
294;0,000617419
295;0,000577601
296;0,000540351
297;0,000505504
298;0,000472903
299;0,000442405
300;0,000413874
;
Plot|Infectious people;
X;Y
1;0,952889562
2;0,940142855
3;0,956119042
4;0,996861198
5;1,059724948
6;1,143101515
7;1,246212765
8;1,36896137
9;1,511823326
10;1,675773268
11;1,862235408
12;2,073054738
13;2,310484565
14;2,577187488
15;2,876247762
16;3,211193611
17;3,58602858
18;4,005271357
19;4,474003868
20;4,997927652
21;5,583428762
22;6,23765163
23;6,968582463
24;7,785142919
25;8,697294933
26;9,716157678
27;10,85413781
28;12,12507424
29;13,54439875
30;15,12931405
31;16,89899075
32;18,87478495
33;21,08047834
34;23,5425425
35;26,29042934
36;29,35688958
37;32,7783211
38;36,59514871
39;40,85223711
40;45,59933788
41;50,89157135
42;56,78994344
43;63,3618963
44;70,68189108
45;78,83201889
46;87,90263472
47;97,99300616
48;109,2119661
49;121,6785547
50;135,5226314
51;150,8854329
52;167,9200461
53;186,7917581
54;207,6782376
55;230,7694921
56;256,2675372
57;284,3857008
58;315,3474804
59;349,3848564
60;386,7359626
61;427,6420075
62;472,3433432
63;521,0745849
64;574,0587039
65;631,5000433
66;693,5762496
67;760,4291729
68;832,1548615
69;908,792869
70;990,3151949
71;1076,615292
72;1167,497683
73;1262,668822
74;1361,729921
75;1464,172461
76;1569,377117
77;1676,616682
78;1785,063451
79;1893,801249
80;2001,842008
81;2108,146466
82;2211,648227
83;2311,280139
84;2406,001731
85;2494,826308
86;2576,846339
87;2651,255867
88;2717,368895
89;2774,633014
90;2822,637873
91;2861,118438
92;2889,953316
93;2909,158666
94;2918,878413
95;2919,371611
96;2910,997795
97;2894,201175
98;2869,494427
99;2837,442717
100;2798,648491
101;2753,737414
102;2703,345721
103;2648,109133
104;2588,6534
105;2525,586452
106;2459,492086
107;2390,925082
108;2320,407604
109;2248,426743
110;2175,433043
111;2101,839871
112;2028,02347
113;1954,323585
114;1881,044535
115;1808,456622
116;1736,797803
117;1666,275529
118;1597,068701
119;1529,329686
120;1463,186345
121;1398,744043
122;1336,087611
123;1275,283247
124;1216,380323
125;1159,41311
126;1104,402396
127;1051,357005
128;1000,275204
129;951,1460088
130;903,9503899
131;858,6623704
132;815,2500346
133;773,6764422
134;733,9004569
135;695,8774935
136;659,5601891
137;624,8990037
138;591,8427552
139;560,3390944
140;530,334924
141;501,776768
142;474,6110927
143;448,784588
144;424,2444085
145;400,938381
146;378,8151804
147;357,8244782
148;337,917065
149;319,0449511
150;301,1614472
151;284,2212272
152;268,1803751
153;252,9964184
154;238,6283494
155;225,0366355
156;212,1832209
157;200,0315201
158;188,5464038
159;177,6941808
160;167,4425729
161;157,7606872
162;148,6189847
163;139,9892451
164;131,8445313
165;124,1591506
166;116,9086151
167;110,069602
168;103,6199121
169;97,53842937
170;91,80507929
171;86,40078849
172;81,30744417
173;76,50785435
174;71,98570879
175;67,7255407
176;63,71268944
177;59,93326409
178;56,37410816
179;53,02276538
180;49,86744649
181;46,89699733
182;44,10086794
183;41,46908289
184;38,99221273
185;36,66134654
186;34,46806569
187;32,40441864
188;30,4628968
189;28,63641155
190;26,91827218
191;25,30216491
192;23,78213285
193;22,35255693
194;21,00813769
195;19,74387802
196;18,55506669
197;17,43726272
198;16,38628053
199;15,39817583
200;14,46923228
201;13,59594874
202;12,77502729
203;12,00336178
204;11,27802709
205;10,59626883
206;9,955493735
207;9,353260435
208;8,787270834
209;8,255361898
210;7,755497914
211;7,285763165
212;6,844355015
213;6,429577376
214;6,039834535
215;5,673625331
216;5,329537656
217;5,006243266
218;4,702492884
219;4,417111583
220;4,14899443
221;3,897102377
222;3,660458391
223;3,438143804
224;3,229294869
225;3,033099521
226;2,848794322
227;2,67566158
228;2,513026643
229;2,360255342
230;2,216751587
231;2,081955106
232;1,955339308
233;1,836409281
234;1,724699901
235;1,619774054
236;1,521220962
237;1,42865461
238;1,341712265
239;1,260053077
240;1,183356774
241;1,111322421
242;1,043667268
243;0,98012565
244;0,920447964
245;0,864399704
246;0,811760551
247;0,762323521
248;0,715894158
249;0,672289785
250;0,63133879
251;0,592879956
252;0,556761842
253;0,522842185
254;0,490987349
255;0,461071804
256;0,432977636
257;0,406594085
258;0,381817113
259;0,358549
260;0,336697957
261;0,316177771
262;0,296907463
263;0,278810976
264;0,261816873
265;0,245858058
266;0,230871515
267;0,216798055
268;0,203582091
269;0,191171414
270;0,17951699
271;0,168572768
272;0,158295498
273;0,148644561
274;0,139581808
275;0,131071414
276;0,123079732
277;0,115575162
278;0,10852803
279;0,101910467
280;0,095696299
281;0,089860948
282;0,084381331
283;0,079235771
284;0,074403911
285;0,069866634
286;0,065605986
287;0,061605108
288;0,057848168
289;0,054320296
290;0,051007531
291;0,047896761
292;0,044975673
293;0,042232705
294;0,039656997
295;0,037238353
296;0,034967198
297;0,032834541
298;0,030831937
299;0,028951457
300;0,027185656
;
Plot|Infectious people;
X;Y
1;1,005690125
2;1,144840735
3;1,415505773
4;1,833586357
5;2,432191167
6;3,263377252
7;4,402123078
8;5,95269467
9;8,057838469
10;10,91150486
11;14,77609571
12;20,00554617
13;27,07588587
14;36,62523324
15;49,5053575
16;66,84678708
17;90,13856839
18;121,3215312
19;162,8892698
20;217,982585
21;290,4492996
22;384,8214513
23;506,1382908
24;659,5257901
25;849,4524595
26;1078,648671
27;1346,827265
28;1649,554519
29;1977,780509
30;2318,469765
31;2656,383308
32;2976,51415
33;3266,342286
34;3517,208759
35;3724,590952
36;3887,529861
37;4007,65818
38;4088,212536
39;4133,237672
40;4147,036159
41;4133,831693
42;4097,586723
43;4041,919051
44;3970,076481
45;3884,942897
46;3789,05983
47;3684,654578
48;3573,670105
49;3457,794293
50;3338,487435
51;3217,007521
52;3094,433196
53;2971,684478
54;2849,541351
55;2728,660416
56;2609,589769
57;2492,782277
58;2378,607407
59;2267,361752
60;2159,278403
61;2054,535254
62;1953,262395
63;1855,54864
64;1761,447327
65;1670,981433
66;1584,148094
67;1500,92259
68;1421,261852
69;1345,107544
70;1272,388764
71;1203,024409
72;1136,925238
73;1073,995669
74;1014,135341
75;957,240462
76;903,2049734
77;851,9215485
78;803,2824464
79;757,1802367
80;713,5084111
81;672,1618958
82;633,0374761
83;596,0341444
84;561,0533814
85;527,9993789
86;496,7792113
87;467,3029637
88;439,4838216
89;413,2381275
90;388,4854098
91;365,1483878
92;343,1529559
93;322,4281511
94;302,9061061
95;284,5219906
96;267,2139428
97;250,9229938
98;235,5929847
99;221,1704805
100;207,6046798
101;194,847322
102;182,8525936
103;171,5770339
104;160,97944
105;151,0207739
106;141,6640688
107;132,8743388
108;124,6184892
109;116,865229
110;109,5849866
111;102,7498269
112;96,33337195
113;90,31072323
114;84,65838778
115;79,35420646
116;74,37728517
117;69,70792894
118;65,32757864
119;61,21875058
120;57,36497869
121;53,75075936
122;50,36149881
123;47,18346304
124;44,20373006
125;41,41014461
126;38,791275
127;36,33637221
128;34,03533107
129;31,87865343
130;29,85741323
131;27,96322353
132;26,18820515
133;24,52495712
134;22,96652867
135;21,50639276
136;20,13842115
137;18,85686071
138;17,6563112
139;16,53170421
140;15,47828333
141;14,49158547
142;13,56742318
143;12,70186805
144;11,89123507
145;11,13206787
146;10,42112481
147;9,755365955
148;9,131940723
149;8,548176338
150;8,001566929
151;7,489763286
152;7,010563231
153;6,561902555
154;6,141846515
155;5,748581826
156;5,380409147
157;5,035736016
158;4,713070219
159;4,411013556
160;4,128255987
161;3,863570144
162;3,615806169
163;3,38388687
164;3,16680318
165;2,96360989
166;2,773421647
167;2,595409199
168;2,42879587
169;2,27285426
170;2,12690314
171;1,990304546
172;1,862461053
173;1,74281322
174;1,630837188
175;1,526042437
176;1,427969675
177;1,336188866
178;1,250297374
179;1,169918231
180;1,094698509
181;1,024307796
182;0,958436767
183;0,896795842
184;0,839113939
185;0,785137292
186;0,734628352
187;0,687364756
188;0,643138359
189;0,601754331
190;0,563030306
191;0,526795589
192;0,492890413
193;0,46116524
194;0,43148011
195;0,403704027
196;0,377714392
197;0,353396459
198;0,330642842
199;0,309353036
200;0,289432984
201;0,270794661
202;0,253355688
203;0,237038974
204;0,221772373
205;0,20748837
206;0,194123786
207;0,181619496
208;0,169920173
209;0,158974044
210;0,148732659
211;0,139150684
212;0,130185696
213;0,121797996
214;0,11395044
215;0,106608268
216;0,099738958
217;0,093312075
218;0,087299144
219;0,081673519
220;0,076410267
221;0,071486062
222;0,066879073
223;0,062568879
224;0,058536369
225;0,054763662
226;0,051234029
227;0,047931816
228;0,044842376
229;0,041952007
230;0,039247887
231;0,036718018
232;0,034351178
233;0,032136865
234;0,030065253
235;0,028127148
236;0,026313951
237;0,024617614
238;0,023030608
239;0,021545888
240;0,020156865
241;0,018857371
242;0,017641639
243;0,016504269
244;0,015440214
245;0,014444748
246;0,013513451
247;0,012642188
248;0,01182709
249;0,011064537
250;0,010351142
251;0,009683737
252;0,009059359
253;0,008475233
254;0,007928765
255;0,007417528
256;0,006939251
257;0,006491809
258;0,006073216
259;0,00568161
260;0,005315252
261;0,004972516
262;0,004651877
263;0,004351912
264;0,004071288
265;0,003808757
266;0,003563154
267;0,003333387
268;0,003118436
269;0,002917344
270;0,002729218
271;0,002553223
272;0,002388576
273;0,002234546
274;0,002090448
275;0,001955642
276;0,001829529
277;0,001711548
278;0,001601174
279;0,001497918
280;0,00140132
281;0,001310952
282;0,00122641
283;0,001147321
284;0,001073331
285;0,001004113
286;0,000939359
287;0,00087878
288;0,000822108
289;0,00076909
290;0,000719491
291;0,000673091
292;0,000629683
293;0,000589075
294;0,000551085
295;0,000515545
296;0,000482297
297;0,000451193
298;0,000422095
299;0,000394874
300;0,000369408
;
Plot|Infectious people;
X;Y
1;1,035445723
2;1,265075629
3;1,703250572
4;2,402261554
5;3,45648571
6;5,013912285
7;7,296005064
8;10,62819017
9;15,48466638
10;22,55282185
11;32,82424548
12;47,72076671
13;69,26411654
14;100,294367
15;144,7307145
16;207,8405576
17;296,428283
18;418,7655609
19;583,974108
20;800,5147542
21;1073,605151
22;1401,983524
23;1775,37661
24;2174,565977
25;2575,010978
26;2952,699383
27;3289,27283
28;3574,226675
29;3804,187086
30;3980,727255
31;4108,140821
32;4191,836245
33;4237,402154
34;4250,149751
35;4234,929272
36;4196,082897
37;4137,457987
38;4062,443515
39;3974,013142
40;3874,7681
41;3766,977357
42;3652,614282
43;3533,389738
44;3410,78182
45;3286,062486
46;3160,321386
47;3034,487158
48;2909,346445
49;2785,560864
50;2663,682142
51;2544,165597
52;2427,382148
53;2313,628993
54;2203,139103
55;2096,089654
56;1992,609502
57;1892,785817
58;1796,669939
59;1704,282571
60;1615,618352
61;1530,649892
62;1449,331323
63;1371,601415
64;1297,386313
65;1226,601926
66;1159,156018
67;1094,95002
68;1033,880612
69;975,8410838
70;920,7225098
71;868,41476
72;818,8073594
73;771,7902195
74;727,2542544
75;685,0918966
76;645,1975242
77;607,4678101
78;571,8020044
79;538,1021569
80;506,2732882
81;476,2235172
82;447,8641487
83;421,1097293
84;395,8780736
85;372,0902674
86;349,6706498
87;328,5467777
88;308,649377
89;289,9122809
90;272,2723591
91;255,6694391
92;240,0462214
93;225,3481902
94;211,5235206
95;198,5229835
96;186,2998492
97;174,8097908
98;164,010787
99;153,8630264
100;144,3288123
101;135,3724696
102;126,9602532
103;119,0602591
104;111,6423373
105;104,6780078
106;98,14037889
107;92,00406831
108;86,24512743
109;80,8409681
110;75,7702924
111;71,01302533
112;66,55025021
113;62,36414703
114;58,4379334
115;54,7558083
116;51,30289838
117;48,06520683
118;45,02956471
119;42,18358472
120;39,51561718
121;37,01470831
122;34,67056065
123;32,47349546
124;30,41441717
125;28,48477966
126;26,67655436
127;24,98220008
128;23,39463448
129;21,90720705
130;20,51367371
131;19,20817266
132;17,98520172
133;16,83959686
134;15,76651203
135;14,7614
136;13,8199945
137;12,93829318
138;12,11254171
139;11,33921873
140;10,61502171
141;9,936853587
142;9,301810278
143;8,707168847
144;8,150376418
145;7,629039732
146;7,140915334
147;6,683900345
148;6,256023782
149;5,855438413
150;5,48041309
151;5,129325559
152;4,800655693
153;4,492979148
154;4,204961397
155;3,935352136
156;3,682980022
157;3,446747745
158;3,225627397
159;3,018656122
160;2,824932043
161;2,643610435
162;2,473900134
163;2,31506017
164;2,166396612
165;2,027259601
166;1,897040578
167;1,775169674
168;1,661113269
169;1,554371703
170;1,454477131
171;1,360991506
172;1,273504694
173;1,191632711
174;1,115016056
175;1,043318169
176;0,976223965
177;0,91343848
178;0,854685584
179;0,799706792
180;0,748260136
181;0,700119117
182;0,655071719
183;0,612919488
184;0,573476669
185;0,536569393
186;0,502034922
187;0,469720939
188;0,439484882
189;0,411193321
190;0,384721379
191;0,359952177
192;0,336776334
193;0,315091478
194;0,294801804
195;0,275817652
196;0,258055114
197;0,241435665
198;0,22588582
199;0,211336811
200;0,197724284
201;0,184988018
202;0,173071657
203;0,161922468
204;0,151491101
205;0,14173138
206;0,132600093
207;0,124056807
208;0,116063687
209;0,108585329
210;0,101588604
211;0,095042516
212;0,088918059
213;0,083188093
214;0,077827224
215;0,07281169
216;0,068119259
217;0,063729127
218;0,05962183
219;0,055779156
220;0,052184064
221;0,04882061
222;0,045673877
223;0,042729906
224;0,039975639
225;0,037398856
226;0,034988125
227;0,032732749
228;0,030622721
229;0,028648677
230;0,026801857
231;0,025074065
232;0,02345763
233;0,021945379
234;0,020530599
235;0,01920701
236;0,017968734
237;0,016810276
238;0,01572649
239;0,014712566
240;0,013764001
241;0,012876583
242;0,012046372
243;0,011269679
244;0,010543057
245;0,009863278
246;0,009227322
247;0,008632366
248;0,008075766
249;0,00755505
250;0,007067905
251;0,006612168
252;0,006185813
253;0,005786946
254;0,005413796
255;0,005064705
256;0,004738122
257;0,004432595
258;0,004146768
259;0,00387937
260;0,003629214
261;0,003395187
262;0,00317625
263;0,00297143
264;0,002779816
265;0,002600558
266;0,002432859
267;0,002275973
268;0,002129204
269;0,001991899
270;0,001863447
271;0,001743278
272;0,001630859
273;0,001525688
274;0,0014273
275;0,001335256
276;0,001249147
277;0,001168591
278;0,00109323
279;0,001022728
280;0,000956773
281;0,000895072
282;0,000837349
283;0,000783348
284;0,00073283
285;0,00068557
286;0,000641357
287;0,000599996
288;0,000561302
289;0,000525103
290;0,000491238
291;0,000459558
292;0,00042992
293;0,000402194
294;0,000376256
295;0,000351991
296;0,00032929
297;0,000308054
298;0,000288187
299;0,000269601
300;0,000252214
;
Plot|Infectious people;
X;Y
1;1,017556037
2;1,19236646
3;1,527705335
4;2,051543967
5;2,817111493
6;3,907302562
7;5,442996265
8;7,595920619
9;10,6072458
10;14,81367559
11;20,68345735
12;28,86542679
13;40,25483742
14;56,08002065
15;78,01329542
16;108,3068717
17;149,9478123
18;206,8124101
19;283,7758106
20;386,6947579
21;522,1340462
22;696,6720878
23;915,648946
24;1181,386635
25;1491,257806
26;1836,389506
27;2201,918145
28;2569,199721
29;2919,344501
30;3236,645283
31;3510,607765
32;3736,20864
33;3912,889086
34;4043,084679
35;4130,88301
36;4181,05325
37;4198,449317
38;4187,690584
39;4153,016942
40;4098,241402
41;4026,752285
42;3941,538122
43;3845,221331
44;3740,09389
45;3628,151891
46;3511,127726
47;3390,51946
48;3267,617385
49;3143,52789
50;3019,194852
51;2895,41876
52;2772,873806
53;2652,123128
54;2533,6324
55;2417,781936
56;2304,877457
57;2195,159668
58;2088,81276
59;1985,971959
60;1886,730207
61;1791,144091
62;1699,23907
63;1611,014103
64;1526,445719
65;1445,491609
66;1368,093774
67;1294,181293
68;1223,672739
69;1156,478296
70;1092,501592
71;1031,641305
72;973,7925354
73;918,8480082
74;866,6990902
75;817,2366673
76;770,351888
77;725,9367912
78;683,8848318
79;644,0913177
80;606,4537674
81;570,8722001
82;537,2493653
83;505,4909203
84;475,5055632
85;447,2051262
86;420,5046358
87;395,3223437
88;371,5797335
89;349,2015068
90;328,1155506
91;308,2528915
92;289,5476369
93;271,9369063
94;255,3607549
95;239,7620908
96;225,0865876
97;211,282593
98;198,3010355
99;186,0953294
100;174,6212787
101;163,8369822
102;153,7027377
103;144,1809485
104;135,2360307
105;126,8343226
106;118,9439965
107;111,5349721
108;104,578833
109;98,04874568
110;91,91938134
111;86,16684009
112;80,7685784
113;75,70333922
114;70,95108498
115;66,49293328
116;62,3110955
117;58,38881806
118;54,71032631
119;51,26077109
120;48,02617777
121;44,9933978
122;42,15006252
123;39,48453942
124;36,98589046
125;34,64383264
126;32,44870049
127;30,39141067
128;28,46342825
129;26,65673501
130;24,96379922
131;23,37754728
132;21,89133671
133;20,49893082
134;19,19447462
135;17,97247219
136;16,8277653
137;15,75551318
138;14,75117354
139;13,81048461
140;12,92944822
141;12,10431389
142;11,3315638
143;10,6078987
144;9,930224558
145;9,295640079
146;8,701424908
147;8,145028552
148;7,624059957
149;7,136277705
150;6,679580797
151;6,251999996
152;5,851689679
153;5,47692019
154;5,126070655
155;4,797622224
156;4,490151738
157;4,202325765
158;3,932895016
159;3,68068909
160;3,444611548
161;3,223635291
162;3,016798213
163;2,823199132
164;2,641993968
165;2,472392155
166;2,31365328
167;2,165083926
168;2,026034714
169;1,895897528
170;1,774102913
171;1,660117632
172;1,553442383
173;1,45360965
174;1,360181694
175;1,27274867
176;1,190926855
177;1,114357
178;1,042702772
179;0,975649303
180;0,912901825
181;0,854184396
182;0,799238702
183;0,747822935
184;0,699710746
185;0,654690259
186;0,61256315
187;0,573143782
188;0,536258399
189;0,50174437
190;0,469449474
191;0,439231239
192;0,410956322
193;0,384499922
194;0,359745236
195;0,336582951
196;0,314910758
197;0,294632912
198;0,275659809
199;0,257907592
200;0,241297785
201;0,225756949
202;0,211216356
203;0,197611693
204;0,184882773
205;0,172973278
206;0,161830504
207;0,151405132
208;0,141651012
209;0,132524961
210;0,123986568
211;0,11599802
212;0,108523936
213;0,101531206
214;0,094988851
215;0,088867884
216;0,08314118
217;0,07778336
218;0,072770676
219;0,068080909
220;0,063693268
221;0,059588299
222;0,055747801
223;0,052154744
224;0,048793193
225;0,045648239
226;0,042705931
227;0,039953219
228;0,037377889
229;0,034968518
230;0,032714413
231;0,030605573
232;0,028632641
233;0,02678686
234;0,025060038
235;0,023444513
236;0,021933111
237;0,020519126
238;0,019196279
239;0,017958698
240;0,016800889
241;0,015717711
242;0,014704355
243;0,013756322
244;0,012869401
245;0,012039654
246;0,011263396
247;0,01053718
248;0,009857781
249;0,009222181
250;0,008627557
251;0,008071268
252;0,007550843
253;0,00706397
254;0,006608487
255;0,00618237
256;0,005783726
257;0,005410784
258;0,005061888
259;0,004735486
260;0,00443013
261;0,004144462
262;0,003877213
263;0,003627196
264;0,0033933
265;0,003174484
266;0,002969778
267;0,002778272
268;0,002599113
269;0,002431508
270;0,002274709
271;0,002128021
272;0,001990792
273;0,001862412
274;0,00174231
275;0,001629953
276;0,001524841
277;0,001426507
278;0,001334514
279;0,001248454
280;0,001167942
281;0,001092623
282;0,001022161
283;0,000956242
284;0,000894575
285;0,000836884
286;0,000782914
287;0,000732424
288;0,000685189
289;0,000641001
290;0,000599663
291;0,00056099
292;0,000524811
293;0,000490966
294;0,000459303
295;0,000429682
296;0,000401971
297;0,000376048
298;0,000351796
299;0,000329108
300;0,000307883
;
Plot|Infectious people;
X;Y
1;0,970381725
2;1,006730006
3;1,10120847
4;1,250862138
5;1,456679275
6;1,723046538
7;2,057502206
8;2,470725712
9;2,976725953
10;3,593209012
11;4,342119849
12;5,250363881
13;6,350724056
14;7,682997901
15;9,295387528
16;11,24618418
17;13,60579765
18;16,45918994
19;19,90878183
20;24,07790952
21;29,11491657
22;35,19797116
23;42,54069942
24;51,39871833
25;62,07713191
26;74,93901611
27;90,41485119
28;109,0127544
29;131,3292045
30;158,0597164
31;190,0085969
32;228,0964765
33;273,3637553
34;326,9674338
35;390,1680734
36;464,3029458
37;550,7409921
38;650,8153192
39;765,7300177
40;896,4405605
41;1043,511277
42;1206,959431
43;1386,102615
44;1579,432997
45;1784,545999
46;1998,149574
47;2216,171459
48;2433,965874
49;2646,601293
50;2849,192757
51;3037,23165
52;3206,866679
53;3355,101515
54;3479,893061
55;3580,153466
56;3655,673795
57;3706,994914
58;3735,251969
59;3742,014695
60;3729,139405
61;3698,641851
62;3652,594696
63;3593,049426
64;3521,980249
65;3441,246446
66;3352,569406
67;3257,520855
68;3157,519258
69;3053,831981
70;2947,581293
71;2839,752789
72;2731,205189
73;2622,680759
74;2514,815849
75;2408,15119
76;2303,141736
77;2200,165912
78;2099,534204
79;2001,497058
80;1906,252089
81;1813,950629
82;1724,703633
83;1638,586998
84;1555,646317
85;1475,901138
86;1399,348749
87;1325,967537
88;1255,719973
89;1188,555235
90;1124,411531
91;1063,218131
92;1004,897157
93;949,3651344
94;896,5343552
95;846,3140513
96;798,6114135
97;753,332467
98;710,3828206
99;669,6683053
100;631,0955138
101;594,5722532
102;560,0079222
103;527,3138196
104;496,4033955
105;467,1924505
106;439,5992901
107;413,5448402
108;388,9527295
109;365,7493421
110;343,8638455
111;323,2281978
112;303,7771358
113;285,4481488
114;268,1814394
115;251,9198733
116;236,608921
117;222,1965921
118;208,6333648
119;195,87211
120;183,8680136
121;172,5784959
122;161,9631293
123;151,9835565
124;142,6034077
125;133,7882185
126;125,5053491
127;117,7239041
128;110,4146545
129;103,5499611
130;97,10370012
131;91,05119058
132;85,3691245
133;80,03549902
134;75,02955101
135;70,33169423
136;65,92345873
137;61,78743289
138;57,90720776
139;54,26732379
140;50,85321997
141;47,65118522
142;44,64831203
143;41,83245232
144;39,19217541
145;36,71672797
146;34,39599606
147;32,22046905
148;30,18120531
149;28,26979975
150;26,47835304
151;24,79944243
152;23,22609412
153;21,75175715
154;20,37027867
155;19,0758806
156;17,86313753
157;16,72695587
158;15,66255419
159;14,66544463
160;13,73141534
161;12,856514
162;12,03703219
163;11,26949073
164;10,55062584
165;9,877376058
166;9,246870027
167;8,656414884
168;8,103485403
169;7,585713752
170;7,100879858
171;6,646902349
172;6,221830032
173;5,823833883
174;5,451199512
175;5,10232009
176;4,775689691
177;4,469897048
178;4,183619677
179;3,915618366
180;3,664731992
181;3,429872661
182;3,210021142
183;3,004222578
184;2,811582464
185;2,631262872
186;2,462478907
187;2,30449538
188;2,156623692
189;2,018218903
190;1,888676992
191;1,767432278
192;1,653955007
193;1,547749086
194;1,448349963
195;1,355322632
196;1,268259767
197;1,186779975
198;1,110526152
199;1,039163948
200;0,972380324
201;0,9098822
202;0,851395194
203;0,796662431
204;0,745443434
205;0,697513079
206;0,652660625
207;0,610688795
208;0,571412919
209;0,534660137
210;0,500268639
211;0,46808697
212;0,437973362
213;0,409795122
214;0,383428052
215;0,358755905
216;0,33566988
217;0,314068146
218;0,293855396
219;0,27494243
220;0,257245767
221;0,240687279
222;0,225193845
223;0,210697036
224;0,197132811
225;0,184441238
226;0,172566231
227;0,161455303
228;0,151059336
229;0,141332365
230;0,132231377
231;0,12371612
232;0,115748927
233;0,108294552
234;0,10132001
235;0,094794438
236;0,088688956
237;0,082976537
238;0,077631894
239;0,072631364
240;0,067952805
241;0,063575498
242;0,059480057
243;0,055648342
244;0,052063379
245;0,048709288
246;0,045571206
247;0,04263523
248;0,039888349
249;0,03731839
250;0,034913963
251;0,032664409
252;0,030559759
253;0,028590681
254;0,026748445
255;0,025024885
256;0,023412358
257;0,021903714
258;0,020492262
259;0,019171743
260;0,0179363
261;0,016780455
262;0,01569908
263;0,014687378
264;0,013740862
265;0,012855333
266;0,012026862
267;0,011251774
268;0,010526629
269;0,009848211
270;0,009213509
271;0,008619707
272;0,008064169
273;0,007544431
274;0,007058186
275;0,006603276
276;0,006177682
277;0,005779515
278;0,005407008
279;0,005058507
280;0,004732467
281;0,004427438
282;0,004142068
283;0,00387509
284;0,003625319
285;0,003391645
286;0,003173032
287;0,002968508
288;0,002777166
289;0,002598157
290;0,002430685
291;0,002274008
292;0,002127429
293;0,001990297
294;0,001862004
295;0,001741981
296;0,001629693
297;0,001524643
298;0,001426365
299;0,00133442
300;0,001248403
;
Plot|Infectious people;
X;Y
1;0,964539035
2;0,984353524
3;1,051974545
4;1,163549335
5;1,318086177
6;1,516962933
7;1,763633236
8;2,063484652
9;2,42381798
10;2,853927767
11;3,365272339
12;3,971727923
13;4,689926441
14;5,539680707
15;6,544504331
16;7,732236943
17;9,135788481
18;10,79401938
19;12,75277666
20;15,06610906
21;17,79768764
22;21,02246116
23;24,82857885
24;29,31961478
25;34,61713004
26;40,86360786
27;48,22579438
28;56,89847024
29;67,10866627
30;79,12031553
31;93,23930269
32;109,8188259
33;129,2649202
34;152,041903
35;178,6773811
36;209,7663068
37;245,9733756
38;288,0328358
39;336,7445183
40;392,964643
41;457,589726
42;531,5317893
43;615,6831315
44;710,8692877
45;817,7896031
46;936,9461912
47;1068,563989
48;1212,507062
49;1368,198999
50;1534,557598
51;1709,955429
52;1892,217419
53;2078,663813
54;2266,201617
55;2451,460617
56;2630,962639
57;2801,306676
58;2959,349452
59;3102,36178
60;3228,145458
61;3335,102238
62;3422,253804
63;3489,218126
64;3536,15188
65;3563,670471
66;3572,756977
67;3564,669541
68;3540,854308
69;3502,868406
70;3452,315267
71;3390,792799
72;3319,853796
73;3240,977234
74;3155,548818
75;3064,849051
76;2970,047231
77;2872,199951
78;2772,252909
79;2671,045046
80;2569,314247
81;2467,704
82;2366,770569
83;2266,990344
84;2168,767138
85;2072,439252
86;1978,286212
87;1886,535102
88;1797,366453
89;1710,919679
90;1627,298063
91;1546,573287
92;1468,789546
93;1393,96726
94;1322,106404
95;1253,189493
96;1187,184249
97;1124,045965
98;1063,71961
99;1006,141681
100;951,2418421
101;898,9443591
102;849,1693546
103;801,833905
104;756,8529913
105;714,1403207
106;673,6090347
107;635,1723133
108;598,7438896
109;564,2384839
110;531,5721659
111;500,6626553
112;471,4295669
113;443,7946072
114;417,681729
115;393,0172491
116;369,7299342
117;347,7510584
118;327,0144377
119;307,4564436
120;289,015999
121;271,6345598
122;255,2560837
123;239,8269884
124;225,296102
125;211,6146057
126;198,7359713
127;186,615894
128;175,2122227
129;164,4848868
130;154,3958227
131;144,9088983
132;135,9898381
133;127,6061479
134;119,7270403
135;112,3233615
136;105,3675191
137;98,83341103
138;92,69635737
139;86,93303274
140;81,52140147
141;76,44065467
142;71,67114938
143;67,19434998
144;62,99277181
145;59,04992701
146;55,35027255
147;51,87916043
148;48,62279012
149;45,56816303
150;42,70303908
151;40,01589531
152;37,49588643
153;35,13280726
154;32,91705705
155;30,83960554
156;28,89196074
157;27,06613839
158;25,35463292
159;23,75039003
160;22,24678063
161;20,83757625
162;19,51692568
163;18,27933296
164;17,11963654
165;16,03298958
166;15,01484138
167;14,06091978
168;13,16721466
169;12,32996222
170;11,54563033
171;10,81090455
172;10,12267509
173;9,478024413
174;8,874215666
175;8,308681682
176;7,779014686
177;7,282956595
178;6,818389878
179;6,383328968
180;5,975912176
181;5,594394093
182;5,23713844
183;4,902611349
184;4,589375048
185;4,296081925
186;4,021468952
187;3,764352441
188;3,523623129
189;3,298241549
190;3,087233694
191;2,889686936
192;2,704746205
193;2,531610393
194;2,369528982
195;2,217798884
196;2,075761466
197;1,94279977
198;1,818335893
199;1,701828539
200;1,592770718
201;1,490687588
202;1,39513443
203;1,305694756
204;1,221978521
205;1,143620465
206;1,07027854
207;1,001632447
208;0,937382263
209;0,877247151
210;0,82096415
211;0,768287048
212;0,718985315
213;0,672843114
214;0,629658366
215;0,589241879
216;0,55141653
217;0,516016494
218;0,482886534
219;0,451881321
220;0,422864808
221;0,395709636
222;0,370296585
223;0,346514054
224;0,324257574
225;0,303429357
226;0,283937868
227;0,265697426
228;0,248627833
229;0,232654021
230;0,217705727
231;0,203717187
232;0,190626845
233;0,178377088
234;0,166913993
235;0,15618709
236;0,146149144
237;0,136755944
238;0,127966115
239;0,119740931
240;0,11204415
241;0,104841854
242;0,098102298
243;0,091795773
244;0,085894477
245;0,080372388
246;0,075205156
247;0,070369992
248;0,065845569
249;0,061611929
250;0,057650394
251;0,053943486
252;0,050474846
253;0,047229169
254;0,044192128
255;0,041350321
256;0,038691201
257;0,03620303
258;0,033874824
259;0,031696302
260;0,029657844
261;0,027750451
262;0,025965697
263;0,0242957
264;0,022733085
265;0,021270949
266;0,019902833
267;0,018622693
268;0,017424874
269;0,016304085
270;0,015255372
271;0,014274101
272;0,013355938
273;0,012496824
274;0,011692963
275;0,010940801
276;0,010237016
277;0,009578496
278;0,008962331
279;0,008385796
280;0,007846345
281;0,007341591
282;0,006869303
283;0,006427395
284;0,006013911
285;0,005627024
286;0,005265024
287;0,004926309
288;0,004609383
289;0,004312843
290;0,00403538
291;0,003775765
292;0,00353285
293;0,003305563
294;0,003092896
295;0,002893911
296;0,002707726
297;0,002533519
298;0,00237052
299;0,002218006
300;0,002075304
;
Plot|Infectious people;
X;Y
1;1,041433227
2;1,289694484
3;1,763739035
4;2,525743001
5;3,687064689
6;5,423214135
7;7,999335214
8;11,80942093
9;17,43435462
10;25,7259851
11;37,92662576
12;55,83488114
13;82,02763376
14;120,1401776
15;175,1838219
16;253,8298441
17;364,4956873
18;516,9339129
19;720,9051301
20;983,5923063
21;1305,969537
22;1679,451983
23;2085,106157
24;2497,037179
25;2888,900518
26;3240,082475
27;3538,593928
28;3780,420683
29;3967,054677
30;4102,957708
31;4193,765906
32;4245,276804
33;4262,973842
34;4251,846934
35;4216,353564
36;4160,438639
37;4087,575307
38;4000,810776
39;3902,810993
40;3795,902049
41;3682,107785
42;3563,183666
43;3440,647165
44;3315,804969
45;3189,777311
46;3063,519722
47;2937,842446
48;2813,427774
49;2690,8455
50;2570,566692
51;2452,975961
52;2338,382371
53;2227,029142
54;2119,102264
55;2014,738144
56;1914,030379
57;1817,035755
58;1723,779548
59;1634,260209
60;1548,453491
61;1466,316081
62;1387,788795
63;1312,799377
64;1241,264949
65;1173,094149
66;1108,188999
67;1046,446518
68;987,7601218
69;932,0208333
70;879,1183168
71;828,9417644
72;781,3806482
73;736,3253562
74;693,6677242
75;653,3014774
76;615,1225926
77;579,0295913
78;544,9237715
79;512,7093874
80;482,2937835
81;453,5874882
82;426,5042749
83;400,9611925
84;376,878572
85;354,1800115
86;332,7923435
87;312,6455875
88;293,6728902
89;275,8104558
90;258,9974682
91;243,1760066
92;228,2909567
93;214,2899182
94;201,1231095
95;188,7432712
96;177,1055695
97;166,1674982
98;155,8887829
99;146,231285
100;137,1589086
101;128,6375077
102;120,6347969
103;113,1202637
104;106,0650838
105;99,44203863
106;93,2254359
107;87,39103316
108;81,91596385
109;76,77866647
110;71,95881655
111;67,43726149
112;63,19595822
113;59,21791356
114;55,48712738
115;51,98853835
116;48,70797221
117;45,63209264
118;42,74835441
119;40,04495899
120;37,5108123
121;35,13548463
122;32,90917271
123;30,82266367
124;28,86730096
125;27,03495206
126;25,31797797
127;23,7092043
128;22,201894
129;20,78972155
130;19,46674862
131;18,22740107
132;17,06644724
133;15,97897751
134;14,96038495
135;14,00634717
136;13,11280913
137;12,27596703
138;11,49225303
139;10,75832096
140;10,07103282
141;9,427446063
142;8,824801687
143;8,260512951
144;7,732154828
145;7,237454054
146;6,774279785
147;6,340634811
148;5,934647296
149;5,554563019
150;5,198738088
151;4,865632088
152;4,553801651
153;4,261894415
154;3,988643354
155;3,732861455
156;3,493436716
157;3,269327457
158;3,05955792
159;2,863214133
160;2,679440038
161;2,50743385
162;2,346444651
163;2,195769186
164;2,054748862
165;1,922766935
166;1,799245873
167;1,683644874
168;1,575457553
169;1,474209763
170;1,379457557
171;1,290785274
172;1,207803753
173;1,130148648
174;1,057478856
175;0,989475043
176;0,925838263
177;0,86628866
178;0,810564257
179;0,758419818
180;0,709625785
181;0,663967276
182;0,621243156
183;0,581265157
184;0,54385706
185;0,508853926
186;0,476101378
187;0,445454924
188;0,416779329
189;0,389948025
190;0,364842553
191;0,341352048
192;0,319372755
193;0,298807569
194;0,279565616
195;0,261561851
196;0,244716686
197;0,22895564
198;0,214209012
199;0,200411577
200;0,187502295
201;0,17542405
202;0,16412339
203;0,153550299
204;0,143657972
205;0,134402613
206;0,12574324
207;0,117641503
208;0,110061519
209;0,102969711
210;0,096334659
211;0,090126966
212;0,084319123
213;0,07888539
214;0,073801685
215;0,069045471
216;0,064595664
217;0,060432535
218;0,056537624
219;0,05289366
220;0,049484481
221;0,046294969
222;0,043310974
223;0,040519261
224;0,037907445
225;0,035463937
226;0,033177896
227;0,031039179
228;0,029038294
229;0,027166362
230;0,025415076
231;0,023776661
232;0,022243847
233;0,020809828
234;0,01946824
235;0,018213126
236;0,017038913
237;0,015940389
238;0,014912677
239;0,013951212
240;0,013051725
241;0,012210223
242;0,011422967
243;0,010686463
244;0,009997438
245;0,009352833
246;0,008749785
247;0,008185615
248;0,007657817
249;0,007164047
250;0,00670211
251;0,006269956
252;0,005865665
253;0,005487439
254;0,0051336
255;0,004802575
256;0,004492892
257;0,004203177
258;0,003932142
259;0,003678583
260;0,003441373
261;0,003219458
262;0,003011851
263;0,002817632
264;0,002635935
265;0,002465955
266;0,002306935
267;0,002158169
268;0,002018996
269;0,001888797
270;0,001766994
271;0,001653045
272;0,001546444
273;0,001446716
274;0,00135342
275;0,00126614
276;0,001184489
277;0,001108102
278;0,001036642
279;0,00096979
280;0,000907248
281;0,00084874
282;0,000794005
283;0,0007428
284;0,000694896
285;0,000650082
286;0,000608158
287;0,000568938
288;0,000532246
289;0,000497921
290;0,00046581
291;0,000435769
292;0,000407666
293;0,000381375
294;0,00035678
295;0,00033377
296;0,000312245
297;0,000292108
298;0,000273269
299;0,000255645
300;0,000239158
;
Plot|Infectious people;
X;Y
1;0,982103084
2;1,052029674
3;1,202336505
4;1,433682438
5;1,753636812
6;2,176267578
7;2,722352287
8;3,420132371
9;4,306589206
10;5,429266996
11;6,848707891
12;8,641602694
13;10,90479871
14;13,7603462
15;17,36180696
16;21,90209253
17;27,62314123
18;34,82777837
19;43,89412028
20;55,29286245
21;69,60770652
22;87,55898354
23;110,0301588
24;138,0962634
25;173,0522737
26;216,4379221
27;270,05325
28;335,9563894
29;416,4317751
30;513,913877
31;630,8499211
32;769,4871027
33;931,5783676
34;1118,018538
35;1328,449739
36;1560,906956
37;1811,599308
38;2074,92365
39;2343,77068
40;2610,111557
41;2865,76813
42;3103,209412
43;3316,210472
44;3500,259884
45;3652,682321
46;3772,51714
47;3860,236629
48;3917,39418
49;3946,274309
50;3949,588631
51;3930,236483
52;3891,131149
53;3835,083097
54;3764,728072
55;3682,488099
56;3590,555264
57;3490,890436
58;3385,231272
59;3275,105568
60;3161,847322
61;3046,613841
62;2930,402813
63;2814,068745
64;2698,338411
65;2583,825138
66;2471,041884
67;2360,413111
68;2252,285498
69;2146,93758
70;2044,58837
71;1945,405071
72;1849,509941
73;1756,986402
74;1667,884455
75;1582,22549
76;1500,006523
77;1421,203953
78;1345,776857
79;1273,669897
80;1204,815869
81;1139,137932
82;1076,551558
83;1016,966227
84;960,2869022
85;906,4153064
86;855,2510199
87;806,6924263
88;760,6375189
89;716,9845865
90;675,6327915
91;636,4826552
92;599,4364587
93;564,3985728
94;531,2757239
95;499,9772047
96;470,4150367
97;442,5040916
98;416,1621756
99;391,3100838
100;367,871627
101;345,7736367
102;324,9459501
103;305,3213797
104;286,8356682
105;269,4274336
106;253,0381043
107;237,6118471
108;223,0954896
109;209,4384378
110;196,5925911
111;184,5122543
112;173,1540494
113;162,4768253
114;152,4415693
115;143,0113176
116;134,1510681
117;125,8276937
118;118,0098578
119;110,6679321
120;103,7739159
121;97,30135797
122;91,22528134
123;85,52211002
124;80,16959875
125;75,14676516
126;70,43382472
127;66,01212825
128;61,86410208
129;57,97319081
130;54,32380257
131;50,90125684
132;47,69173457
133;44,68223081
134;41,86050952
135;39,2150606
136;36,73505913
137;34,41032659
138;32,23129411
139;30,18896761
140;28,27489474
141;26,48113359
142;24,80022309
143;23,22515498
144;21,74934729
145;20,36661931
146;19,07116792
147;17,85754523
148;16,7206375
149;15,65564519
150;14,65806422
151;13,72366825
152;12,84849196
153;12,02881531
154;11,26114877
155;10,54221928
156;9,868957142
157;9,238483648
158;8,648099404
159;8,095273383
160;7,577632607
161;7,09295245
162;6,639147514
163;6,214263057
164;5,816466927
165;5,444041992
166;5,095379019
167;4,768969984
168;4,463401793
169;4,177350379
170;3,909575163
171;3,658913849
172;3,424277539
173;3,204646152
174;2,999064117
175;2,806636332
176;2,62652438
177;2,457942967
178;2,300156592
179;2,152476411
180;2,014257306
181;1,88489513
182;1,763824124
183;1,650514501
184;1,544470168
185;1,445226603
186;1,352348858
187;1,265429688
188;1,184087797
189;1,107966196
190;1,036730661
191;0,970068289
192;0,907686149
193;0,849310007
194;0,794683146
195;0,743565248
196;0,695731351
197;0,650970876
198;0,609086707
199;0,569894338
200;0,533221065
201;0,498905238
202;0,466795555
203;0,436750402
204;0,408637234
205;0,382331995
206;0,357718581
207;0,334688328
208;0,313139535
209;0,292977025
210;0,274111723
211;0,256460266
212;0,239944641
213;0,224491839
214;0,210033536
215;0,196505796
216;0,183848783
217;0,172006507
218;0,16092657
219;0,150559941
220;0,140860738
221;0,131786027
222;0,123295631
223;0,115351956
224;0,107919824
225;0,100966317
226;0,094460633
227;0,088373951
228;0,082679304
229;0,077351456
230;0,072366796
231;0,067703231
232;0,06334009
233;0,059258029
234;0,055438951
235;0,051865923
236;0,0485231
237;0,045395657
238;0,042469724
239;0,039732324
240;0,037171313
241;0,03477533
242;0,032533745
243;0,030436613
244;0,028474629
245;0,026639086
246;0,024921839
247;0,023315266
248;0,021812237
249;0,020406081
250;0,019090557
251;0,017859823
252;0,016708418
253;0,015631228
254;0,014623473
255;0,013680677
256;0,012798654
257;0,011973487
258;0,011201513
259;0,010479304
260;0,009803651
261;0,009171555
262;0,008580208
263;0,008026984
264;0,007509426
265;0,007025234
266;0,006572258
267;0,006148485
268;0,005752034
269;0,005381143
270;0,005034165
271;0,004709558
272;0,004405879
273;0,004121781
274;0,003855999
275;0,003607355
276;0,003374742
277;0,003157128
278;0,002953544
279;0,002763088
280;0,002584912
281;0,002418225
282;0,002262286
283;0,002116402
284;0,001979924
285;0,001852247
286;0,001732803
287;0,001621061
288;0,001516524
289;0,001418728
290;0,001327238
291;0,001241648
292;0,001161577
293;0,00108667
294;0,001016593
295;0,000951034
296;0,000889704
297;0,000832328
298;0,000778652
299;0,000728438
300;0,000681461
;
Plot|Infectious people;
X;Y
1;1,047432893
2;1,3145061
3;1,825231556
4;2,652611921
5;3,926768513
6;5,854001545
7;8,74898537
8;13,08450727
9;19,56561162
10;29,23776818
11;43,64135877
12;65,02601407
13;96,63473054
14;143,0519742
15;210,5687262
16;307,4310876
17;443,6928516
18;630,2161392
19;876,3129616
20;1185,93029
21;1553,444215
22;1961,56257
23;2383,820878
24;2791,417482
25;3160,688001
26;3477,210158
27;3735,593505
28;3936,81469
29;4085,302121
30;4186,853961
31;4247,477834
32;4272,859141
33;4268,16722
34;4238,016331
35;4186,488667
36;4117,178227
37;4033,239025
38;3937,431596
39;3832,165852
40;3719,539901
41;3601,374965
42;3479,246675
43;3354,513099
44;3228,339801
45;3101,722241
46;2975,505779
47;2850,403529
48;2727,012285
49;2605,82672
50;2487,252021
51;2371,615147
52;2259,174826
53;2150,130448
54;2044,629946
55;1942,776791
56;1844,636181
57;1750,24052
58;1659,594249
59;1572,678114
60;1489,452924
61;1409,862849
62;1333,83832
63;1261,298561
64;1192,153812
65;1126,307253
66;1063,656685
67;1004,095984
68;947,5163502
69;893,8073937
70;842,8580507
71;794,5573706
72;748,7951796
73;705,4626373
74;664,4527005
75;625,6605037
76;588,983669
77;554,3225523
78;521,5804349
79;490,6636688
80;461,4817792
81;433,9475332
82;407,9769773
83;383,4894494
84;360,4075683
85;338,6572052
86;318,1674393
87;298,8705003
88;280,7017013
89;263,599362
90;247,5047257
91;232,3618712
92;218,1176209
93;204,7214455
94;192,1253682
95;180,2838666
96;169,153776
97;158,6941917
98;148,8663737
99;139,6336517
100;130,9613326
101;122,8166101
102;115,168476
103;107,9876345
104;101,2464196
105;94,91871421
106;88,97987272
107;83,40664656
108;78,17711227
109;73,27060265
110;68,66764079
111;64,34987679
112;60,30002746
113;56,50181858
114;52,93992988
115;49,59994266
116;46,46828984
117;43,53220851
118;40,77969477
119;38,19946095
120;35,78089486
121;33,51402126
122;31,38946531
123;29,39841788
124;27,53260285
125;25,78424601
126;24,14604574
127;22,61114529
128;21,17310655
129;19,82588529
130;18,5638078
131;17,38154884
132;16,27411079
133;15,23680407
134;14,2652286
135;13,35525637
136;12,50301503
137;11,70487237
138;10,95742178
139;10,25746849
140;9,602016691
141;8,988257364
142;8,413556833
143;7,875446025
144;7,371610346
145;6,899880178
146;6,458221932
147;6,044729649
148;5,657617106
149;5,295210392
150;4,955940944
151;4,638339
152;4,34102745
153;4,062716065
154;3,802196081
155;3,558335105
156;3,330072347
157;3,116414133
158;2,916429703
159;2,729247265
160;2,554050291
161;2,390074047
162;2,236602331
163;2,092964423
164;1,958532216
165;1,83271753
166;1,714969592
167;1,604772674
168;1,501643879
169;1,405131062
170;1,314810887
171;1,230287
172;1,151188321
173;1,077167442
174;1,007899122
175;0,943078884
176;0,882421693
177;0,825660723
178;0,772546195
179;0,722844301
180;0,676336177
181;0,63281696
182;0,592094894
183;0,553990491
184;0,518335754
185;0,484973441
186;0,453756382
187;0,424546831
188;0,397215871
189;0,371642843
190;0,347714825
191;0,325326134
192;0,304377862
193;0,284777447
194;0,266438263
195;0,249279243
196;0,233224523
197;0,218203105
198;0,204148552
199;0,19099869
200;0,178695339
201;0,167184054
202;0,156413888
203;0,146337166
204;0,136909276
205;0,128088475
206;0,119835698
207;0,112114395
208;0,104890364
209;0,0981316
210;0,091808158
211;0,085892017
212;0,080356959
213;0,075178452
214;0,070333541
215;0,065800748
216;0,061559976
217;0,057592423
218;0,053880495
219;0,050407729
220;0,047158725
221;0,044119071
222;0,041275283
223;0,038614746
224;0,036125657
225;0,033796971
226;0,031618355
227;0,029580143
228;0,027673289
229;0,02588933
230;0,024220348
231;0,022658936
232;0,021198162
233;0,019831542
234;0,01855301
235;0,017356889
236;0,016237868
237;0,015190979
238;0,014211574
239;0,013295303
240;0,012438098
241;0,011636152
242;0,010885905
243;0,010184022
244;0,009527388
245;0,008913087
246;0,008338388
247;0,007800741
248;0,007297756
249;0,006827199
250;0,00638698
251;0,005975143
252;0,005589859
253;0,005229416
254;0,004892213
255;0,004576751
256;0,004281629
257;0,004005535
258;0,003747244
259;0,003505606
260;0,00327955
261;0,003068069
262;0,002870224
263;0,002685136
264;0,002511983
265;0,002349995
266;0,002198453
267;0,002056682
268;0,001924053
269;0,001799976
270;0,0016839
271;0,00157531
272;0,001473721
273;0,001378684
274;0,001289774
275;0,001206599
276;0,001128787
277;0,001055992
278;0,000987892
279;0,000924184
280;0,000864583
281;0,000808826
282;0,000756665
283;0,000707868
284;0,000662217
285;0,000619511
286;0,000579558
287;0,000542182
288;0,000507216
289;0,000474505
290;0,000443904
291;0,000415276
292;0,000388494
293;0,00036344
294;0,000340001
295;0,000318073
296;0,00029756
297;0,00027837
298;0,000260417
299;0,000243623
300;0,000227911
;
Plot|Infectious people;
X;Y
1;0,976236403
2;1,029288427
3;1,151325911
4;1,340889126
5;1,601798403
6;1,942626041
7;2,376603877
8;2,92189168
9;3,602169617
10;4,447547261
11;5,495805308
12;6,794006905
13;8,400534849
14;10,38763014
15;12,84452712
16;15,88130127
17;19,63356684
18;24,26818297
19;29,99014547
20;37,0508546
21;45,75795072
22;56,48688966
23;69,69437548
24;85,93365813
25;105,8715093
26;130,3063733
27;160,1867015
28;196,6277649
29;240,9242473
30;294,5546233
31;359,1717619
32;436,5725287
33;528,6377685
34;637,2336184
35;764,0666401
36;910,4900257
37;1077,267211
38;1264,312775
39;1470,446718
40;1693,212561
41;1928,815193
42;2172,224177
43;2417,459366
44;2658,033562
45;2887,484943
46;3099,906593
47;3290,38232
48;3455,265973
49;3592,283365
50;3700,475583
51;3780,028071
52;3832,0378
53;3858,264809
54;3860,901037
55;3842,374898
56;3805,198184
57;3751,853978
58;3684,720033
59;3606,020549
60;3517,799361
61;3421,908531
62;3320,00748
63;3213,569021
64;3103,889594
65;2992,101848
66;2879,188275
67;2765,995053
68;2653,245567
69;2541,553265
70;2431,433683
71;2323,315544
72;2217,55091
73;2114,424401
74;2014,161522
75;1916,93616
76;1822,877288
77;1732,074967
78;1644,585687
79;1560,437117
80;1479,632315
81;1402,153457
82;1327,965129
83;1257,017222
84;1189,247484
85;1124,583757
86;1062,945929
87;1004,247642
88;948,3977742
89;895,3017297
90;844,8625462
91;796,981852
92;751,5606842
93;708,5001849
94;667,7021909
95;629,0697279
96;592,5074228
97;557,9218423
98;525,2217679
99;494,3184153
100;465,1256055
101;437,5598929
102;411,540658
103;386,9901678
104;363,8336098
105;341,9991024
106;321,4176861
107;302,0232982
108;283,752733
109;266,5455915
110;250,3442207
111;235,0936464
112;220,7414987
113;207,2379337
114;194,535552
115;182,5893137
116;171,3564531
117;160,7963916
118;150,8706512
119;141,5427681
120;132,7782072
121;124,544278
122;116,8100521
123;109,5462824
124;102,7253243
125;96,32105997
126;90,30882344
127;84,66532967
128;79,36860521
129;74,39792175
130;69,7337322
131;65,35760928
132;61,2521867
133;57,40110291
134;53,78894719
135;50,40120832
136;47,22422552
137;44,24514174
138;41,45185916
139;38,83299691
140;36,37785083
141;34,07635529
142;31,91904691
143;29,89703024
144;28,00194509
145;26,22593573
146;24,56162163
147;23,00206981
148;21,54076865
149;20,17160325
150;18,88883195
151;17,68706434
152;16,56124041
153;15,50661086
154;14,51871854
155;13,59338101
156;12,72667397
157;11,91491574
158;11,15465264
159;10,44264512
160;9,775854835
161;9,151432355
162;8,566705673
163;8,019169363
164;7,50647438
165;7,026418472
166;6,57693716
167;6,156095255
168;5,76207889
169;5,393188023
170;5,047829401
171;4,724509941
172;4,421830514
173;4,138480112
174;3,873230364
175;3,624930388
176;3,392501959
177;3,174934972
178;2,971283182
179;2,780660211
180;2,602235795
181;2,435232265
182;2,278921244
183;2,132620555
184;1,99569131
185;1,867535188
186;1,747591877
187;1,635336681
188;1,53027827
189;1,431956574
190;1,339940807
191;1,253827615
192;1,173239343
193;1,097822402
194;1,02724575
195;0,96119946
196;0,89939338
197;0,841555877
198;0,787432666
199;0,736785701
200;0,689392146
201;0,64504341
202;0,603544235
203;0,564711852
204;0,528375182
205;0,494374095
206;0,462558708
207;0,432788736
208;0,404932874
209;0,378868229
210;0,354479782
211;0,331659883
212;0,310307783
213;0,29032919
214;0,271635859
215;0,254145204
216;0,237779937
217;0,222467727
218;0,208140885
219;0,194736067
220;0,182193993
221;0,170459191
222;0,159479748
223;0,149207086
224;0,139595747
225;0,130603193
226;0,122189618
227;0,114317776
228;0,10695281
229;0,100062107
230;0,093615149
231;0,087583379
232;0,081940077
233;0,07666024
234;0,071720472
235;0,067098884
236;0,062774993
237;0,058729634
238;0,054944874
239;0,051403935
240;0,048091116
241;0,04499173
242;0,042092032
243;0,039379161
244;0,036841087
245;0,034466552
246;0,032245022
247;0,030166642
248;0,028222192
249;0,026403044
250;0,024701127
251;0,02310889
252;0,021619265
253;0,020225642
254;0,018921837
255;0,017702062
256;0,016560903
257;0,015493294
258;0,014494497
259;0,013560078
260;0,012685888
261;0,011868046
262;0,01110292
263;0,010387114
264;0,00971745
265;0,009090952
266;0,008504841
267;0,007956512
268;0,00744353
269;0,006963618
270;0,006514644
271;0,006094614
272;0,005701662
273;0,005334043
274;0,004990124
275;0,004668377
276;0,004367374
277;0,004085776
278;0,003822333
279;0,003575876
280;0,003345307
281;0,003129605
282;0,002927809
283;0,002739025
284;0,002562412
285;0,002397186
286;0,002242614
287;0,002098007
288;0,001962725
289;0,001836165
290;0,001717765
291;0,001607
292;0,001503376
293;0,001406434
294;0,001315743
295;0,0012309
296;0,001151527
297;0,001077272
298;0,001007806
299;0,000942818
300;0,000882021
;
Plot|Infectious people;
X;Y
1;1,011617036
2;1,168509497
3;1,471129289
4;1,941018116
5;2,62066843
6;3,576426394
7;4,904367365
8;6,739496467
9;9,269016354
10;12,75080668
11;17,53870093
12;24,11662811
13;33,14416919
14;45,51644616
15;62,44125622
16;85,53548147
17;116,9401365
18;159,4474697
19;216,6221478
20;292,879237
21;393,4531709
22;524,157884
23;690,8144323
24;898,2434604
25;1148,836046
26;1440,958067
27;1767,745693
28;2116,99811
29;2472,605225
30;2817,249053
31;3135,415178
32;3415,604973
33;3651,159172
34;3839,832778
35;3982,687578
36;4082,866159
37;4144,579721
38;4172,409206
39;4170,884399
40;4144,261516
41;4096,424662
42;4030,857368
43;3950,650416
44;3858,526658
45;3756,872447
46;3647,770488
47;3533,031576
48;3414,224187
49;3292,701524
50;3169,625995
51;3045,991237
52;2922,641848
53;2800,291056
54;2679,536486
55;2560,874228
56;2444,711376
57;2331,37719
58;2221,133019
59;2114,181127
60;2010,672517
61;1910,713876
62;1814,373725
63;1721,687854
64;1632,664129
65;1547,286734
66;1465,519897
67;1387,31118
68;1312,594353
69;1241,291926
70;1173,317344
71;1108,576918
72;1046,97149
73;988,3978843
74;932,7501558
75;879,9206662
76;829,8010046
77;782,2827714
78;737,2582417
79;694,6209233
80;654,266021
81;616,0908188
82;579,994992
83;545,8808551
84;513,6535564
85;483,2212253
86;454,4950785
87;427,3894908
88;401,8220357
89;377,7135006
90;354,9878794
91;333,5723467
92;313,3972163
93;294,3958875
94;276,5047796
95;259,6632589
96;243,8135583
97;228,9006916
98;214,8723644
99;201,6788814
100;189,273053
101;177,6100994
102;166,6475564
103;156,3451798
104;146,664852
105;137,5704894
106;129,0279516
107;121,0049524
108;113,4709737
109;106,397181
110;99,75634218
111;93,52274846
112;87,67213841
113;82,18162464
114;77,02962332
115;72,19578654
116;67,66093748
117;63,40700827
118;59,41698068
119;55,67482942
120;52,16546803
121;48,8746974
122;45,78915664
123;42,89627643
124;40,18423463
125;37,64191413
126;35,25886286
127;33,02525583
128;30,93185916
129;28,96999601
130;27,13151433
131;25,40875631
132;23,7945295
133;22,28207955
134;20,86506434
135;19,5375297
136;18,29388632
137;17,12888812
138;16,03761166
139;15,01543692
140;14,05802901
141;13,16132103
142;12,32149789
143;11,53498105
144;10,79841419
145;10,10864968
146;9,462735856
147;8,857905069
148;8,291562407
149;7,76127511
150;7,264762603
151;6,799887132
152;6,364644958
153;5,957158082
154;5,575666467
155;5,218520729
156;4,884175276
157;4,571181857
158;4,278183509
159;4,00390887
160;3,747166839
161;3,506841568
162;3,281887755
163;3,071326231
164;2,874239814
165;2,689769427
166;2,517110446
167;2,35550928
168;2,204260163
169;2,06270214
170;1,93021625
171;1,806222871
172;1,690179245
173;1,581577144
174;1,479940692
175;1,384824317
176;1,295810835
177;1,21250965
178;1,134555074
179;1,061604741
180;0,993338133
181;0,929455193
182;0,869675021
183;0,813734662
184;0,761387963
185;0,712404503
186;0,666568594
187;0,623678343
188;0,583544771
189;0,545990994
190;0,510851447
191;0,477971168
192;0,447205117
193;0,418417545
194;0,391481398
195;0,366277769
196;0,342695367
197;0,320630039
198;0,299984311
199;0,280666958
200;0,26259261
201;0,24568137
202;0,229858473
203;0,215053948
204;0,201202318
205;0,188242309
206;0,176116582
207;0,164771479
208;0,15415679
209;0,14422553
210;0,134933731
211;0,126240252
212;0,118106595
213;0,110496737
214;0,103376969
215;0,096715751
216;0,09048357
217;0,084652809
218;0,079197629
219;0,074093853
220;0,069318856
221;0,064851472
222;0,060671894
223;0,05676159
224;0,053103222
225;0,049680565
226;0,046478439
227;0,043482642
228;0,040679884
229;0,038057733
230;0,035604554
231;0,033309464
232;0,03116228
233;0,029153472
234;0,027274127
235;0,025515904
236;0,023870999
237;0,022332111
238;0,02089241
239;0,019545504
240;0,018285415
241;0,017106548
242;0,016003668
243;0,014971881
244;0,014006603
245;0,013103549
246;0,012258708
247;0,01146833
248;0,010728904
249;0,010037145
250;0,009389982
251;0,008784541
252;0,008218132
253;0,007688239
254;0,007192508
255;0,006728738
256;0,006294869
257;0,005888972
258;0,005509245
259;0,005154
260;0,00482166
261;0,004510748
262;0,004219882
263;0,00394777
264;0,003693204
265;0,003455051
266;0,003232255
267;0,003023824
268;0,002828832
269;0,002646414
270;0,002475758
271;0,002316106
272;0,002166749
273;0,002027023
274;0,001896307
275;0,001774019
276;0,001659617
277;0,001552593
278;0,001452469
279;0,001358802
280;0,001271175
281;0,001189199
282;0,001112509
283;0,001040764
284;0,000973646
285;0,000910856
286;0,000852116
287;0,000797163
288;0,000745754
289;0,00069766
290;0,000652668
291;0,000610577
292;0,000571201
293;0,000534363
294;0,000499902
295;0,000467663
296;0,000437503
297;0,000409288
298;0,000382892
299;0,000358199
300;0,000335098
;
Plot|Infectious people;
X;Y
1;0,987981782
2;1,074954636
3;1,254249967
4;1,529294913
5;1,912391803
6;2,42455423
7;3,09621848
8;3,968761325
9;5,096842303
10;6,551662167
11;8,425297389
12;10,83633903
13;13,93713634
14;17,92302239
15;23,04397937
16;29,61927838
17;38,05568901
18;48,86987288
19;62,71550715
20;80,41545782
21;102,9988256
22;131,741753
23;168,2092867
24;214,2930608
25;272,2358439
26;344,6289866
27;434,3628865
28;544,5050986
29;678,0785658
30;837,7184541
31;1025,206292
32;1240,918844
33;1483,283236
34;1748,382434
35;2029,875017
36;2319,34822
37;2607,106535
38;2883,24878
39;3138,777909
40;3366,480583
41;3561,410008
42;3720,948542
43;3844,544137
44;3933,26627
45;3989,316558
46;4015,585562
47;4015,299519
48;3991,765102
49;3948,200436
50;3887,6332
51;3812,846645
52;3726,357625
53;3630,414777
54;3527,008613
55;3417,888074
56;3304,580096
57;3188,410087
58;3070,522091
59;2951,89796
60;2833,375185
61;2715,663264
62;2599,358578
63;2484,95783
64;2372,870127
65;2263,4278
66;2156,896083
67;2053,481731
68;1953,340698
69;1856,584957
70;1763,288551
71;1673,492946
72;1587,211776
73;1504,435024
74;1425,132712
75;1349,258145
76;1276,750767
77;1207,538652
78;1141,540696
79;1078,66852
80;1018,828132
81;961,9213594
82;907,8471002
83;856,5023874
84;807,78331
85;761,5857946
86;717,8062691
87;676,3422218
88;637,0926671
89;599,9585313
90;564,8429673
91;531,6516066
92;500,2927586
93;470,6775619
94;442,7200953
95;416,3374539
96;391,4497949
97;367,9803572
98;345,85546
99;325,0044815
100;305,3598234
101;286,8568609
102;269,4338834
103;253,0320255
104;237,5951919
105;223,069976
106;209,4055752
107;196,5537026
108;184,4684977
109;173,1064349
110;162,4262323
111;152,3887607
112;142,9569533
113;134,0957164
114;125,7718421
115;117,9539224
116;110,6122658
117;103,718816
118;97,24707288
119;91,17201655
120;85,47003339
121;80,11884525
122;75,09744107
123;70,38601138
124;65,96588537
125;61,81947069
126;57,93019587
127;54,28245528
128;50,86155665
129;47,65367101
130;44,64578505
131;41,82565577
132;39,18176735
133;36,70329018
134;34,38004201
135;32,20245106
136;30,16152103
137;28,24879795
138;26,45633886
139;24,77668208
140;23,20281909
141;21,72816805
142;20,34654862
143;19,05215828
144;17,83954998
145;16,70361091
146;15,63954267
147;14,64284237
148;13,70928493
149;12,8349064
150;12,01598812
151;11,24904196
152;10,5307963
153;9,858182872
154;9,228324392
155;8,63852288
156;8,086248702
157;7,569130249
158;7,084944234
159;6,631606563
160;6,207163763
161;5,809784914
162;5,437754074
163;5,089463159
164;4,763405253
165;4,458168327
166;4,172429339
167;3,904948691
168;3,654565025
169;3,420190346
170;3,200805429
171;2,995455523
172;2,803246308
173;2,623340113
174;2,454952352
175;2,297348196
176;2,149839443
177;2,011781582
178;1,882571044
179;1,761642618
180;1,648467032
181;1,542548688
182;1,443423527
183;1,350657041
184;1,263842402
185;1,182598707
186;1,106569338
187;1,035420423
188;0,968839391
189;0,906533623
190;0,848229182
191;0,793669628
192;0,742614905
193;0,694840301
194;0,650135468
195;0,608303512
196;0,569160131
197;0,53253282
198;0,49826011
199;0,466190874
200;0,436183657
201;0,40810607
202;0,381834201
203;0,357252079
204;0,334251169
205;0,312729891
206;0,292593178
207;0,273752061
208;0,256123278
209;0,239628908
210;0,22419603
211;0,209756403
212;0,196246167
213;0,183605561
214;0,171778661
215;0,160713134
216;0,150360009
217;0,140673461
218;0,131610607
219;0,123131322
220;0,115198058
221;0,10777568
222;0,100831312
223;0,094334191
224;0,088255531
225;0,082568398
226;0,07724759
227;0,072269525
228;0,067612139
229;0,063254784
230;0,059178144
231;0,055364143
232;0,051795871
233;0,048457502
234;0,045334231
235;0,042412206
236;0,039678465
237;0,037120881
238;0,034728108
239;0,03248953
240;0,030395213
241;0,028435865
242;0,026602791
243;0,024887856
244;0,023283448
245;0,021782447
246;0,02037819
247;0,019064443
248;0,017835374
249;0,016685527
250;0,015609797
251;0,014603409
252;0,013661892
253;0,012781067
254;0,011957023
255;0,011186099
256;0,010464873
257;0,009790142
258;0,009158908
259;0,008568368
260;0,0080159
261;0,007499049
262;0,007015519
263;0,006563163
264;0,006139972
265;0,005744064
266;0,005373682
267;0,00502718
268;0,004703019
269;0,004399758
270;0,004116051
271;0,003850636
272;0,003602334
273;0,003370042
274;0,003152727
275;0,002949426
276;0,002759232
277;0,002581303
278;0,002414846
279;0,002259123
280;0,002113441
281;0,001977153
282;0,001849653
283;0,001730375
284;0,001618788
285;0,001514396
286;0,001416736
287;0,001325374
288;0,001239903
289;0,001159944
290;0,00108514
291;0,001015161
292;0,000949694
293;0,000888449
294;0,000831154
295;0,000777553
296;0,000727409
297;0,000680498
298;0,000636613
299;0,000595558
300;0,00055715
;
Plot|Infectious people;
X;Y
1;0,958708319
2;0,962158101
3;1,003614568
4;1,078899274
5;1,185829845
6;1,323825688
7;1,493638347
8;1,697176521
9;1,937404155
10;2,218296235
11;2,544841591
12;2,923085505
13;3,360207583
14;3,864632446
15;4,446172408
16;5,11620265
17;5,887870549
18;6,776341786
19;7,799086782
20;8,976211861
21;10,33084036
22;11,88954978
23;13,68287177
24;15,74586275
25;18,11875357
26;20,84768746
27;23,98555618
28;27,59294468
29;31,73919495
30;36,50359957
31;41,97673463
32;48,26194065
33;55,47695709
34;63,75571277
35;73,2502681
36;84,13289733
37;96,59828717
38;110,8658132
39;127,1818352
40;145,8219254
41;167,0929135
42;191,3345871
43;218,9208426
44;250,2600193
45;285,7940902
46;325,9963106
47;371,3668633
48;422,4259786
49;479,7039742
50;543,7276639
51;615,0026485
52;693,9911494
53;781,0853037
54;876,5762232
55;980,6196405
56;1093,199604
57;1214,092397
58;1342,833555
59;1478,691431
60;1620,651025
61;1767,411657
62;1917,401358
63;2068,809569
64;2219,637973
65;2367,767252
66;2511,035549
67;2647,322828
68;2774,634458
69;2891,177366
70;2995,423033
71;3086,153215
72;3162,486351
73;3223,884643
74;3270,143617
75;3301,367255
76;3317,932508
77;3320,44713
78;3309,704543
79;3286,638786
80;3252,281945
81;3207,725681
82;3154,0878
83;3092,484269
84;3024,006631
85;2949,704497
86;2870,572604
87;2787,541843
88;2701,473626
89;2613,156987
90;2523,307872
91;2432,570113
92;2341,517674
93;2250,657807
94;2160,434835
95;2071,234322
96;1983,38745
97;1897,175456
98;1812,83403
99;1730,557583
100;1650,503344
101;1572,795232
102;1497,527494
103;1424,768085
104;1354,561798
105;1286,933131
106;1221,888911
107;1159,420684
108;1099,506868
109;1042,114705
110;987,2020068
111;934,7187195
112;884,6083191
113;836,8090488
114;791,2550152
115;747,8771535
116;706,6040754
117;667,3628102
118;630,0794484
119;594,6797002
120;561,0893751
121;529,2347921
122;499,0431279
123;470,4427097
124;443,3632588
125;417,7360911
126;393,4942782
127;370,5727762
128;348,9085237
129;328,4405142
130;309,1098463
131;290,8597539
132;273,6356199
133;257,3849748
134;242,0574842
135;227,6049242
136;213,9811492
137;201,1420522
138;189,0455188
139;177,6513766
140;166,9213407
141;156,8189563
142;147,3095391
143;138,3601142
144;129,9393543
145;122,017517
146;114,5663827
147;107,5591922
148;100,9705859
149;94,77654286
150;88,95432198
151;83,48240388
152;78,34043454
153;73,50917046
154;68,9704255
155;64,70701945
156;60,70272836
157;56,94223672
158;53,41109141
159;50,09565749
160;46,98307584
161;44,06122244
162;41,31866962
163;38,74464884
164;36,32901525
165;34,06221391
166;31,93524752
167;29,93964577
168;28,06743617
169;26,31111628
170;24,66362741
171;23,11832954
172;21,66897769
173;20,30969932
174;19,03497311
175;17,83960871
176;16,71872767
177;15,66774532
178;14,68235374
179;13,75850552
180;12,89239856
181;12,08046157
182;11,31934054
183;10,60588579
184;9,937139912
185;9,310326286
186;8,722838306
187;8,172229205
188;7,656202462
189;7,172602778
190;6,719407558
191;6,294718906
192;5,89675607
193;5,523848347
194;5,174428396
195;4,847025948
196;4,540261886
197;4,252842683
198;3,983555167
199;3,731261595
200;3,494895032
201;3,273454995
202;3,066003372
203;2,871660575
204;2,689601931
205;2,519054296
206;2,359292866
207;2,209638184
208;2,069453334
209;1,938141303
210;1,815142501
211;1,699932438
212;1,592019538
213;1,490943096
214;1,396271349
215;1,307599674
216;1,224548894
217;1,14676369
218;1,073911108
219;1,005679161
220;0,941775519
221;0,881926275
222;0,825874793
223;0,773380623
224;0,72421849
225;0,678177333
226;0,635059423
227;0,594679517
228;0,556864076
229;0,521450529
230;0,488286585
231;0,45722958
232;0,428145875
233;0,400910289
234;0,375405561
235;0,351521853
236;0,329156282
237;0,308212482
238;0,28860019
239;0,270234862
240;0,253037313
241;0,236933376
242;0,221853586
243;0,207732884
244;0,194510335
245;0,182128871
246;0,170535043
247;0,159678795
248;0,149513246
249;0,139994492
250;0,131081415
251;0,122735508
252;0,114920709
253;0,107603246
254;0,100751492
255;0,09433583
256;0,088328522
257;0,082703594
258;0,077436724
259;0,072505133
260;0,06788749
261;0,063563822
262;0,059515422
263;0,055724777
264;0,052175483
265;0,048852182
266;0,045740491
267;0,042826942
268;0,040098924
269;0,037544628
270;0,035152996
271;0,032913673
272;0,030816964
273;0,028853789
274;0,027015647
275;0,025294578
276;0,023683127
277;0,022174316
278;0,020761609
279;0,019438886
280;0,018200418
281;0,017040839
282;0,015955125
283;0,014938573
284;0,013986778
285;0,013095615
286;0,012261224
287;0,011479989
288;0,010748523
289;0,010063657
290;0,009422423
291;0,008822042
292;0,008259911
293;0,007733594
294;0,00724081
295;0,006779422
296;0,006347431
297;0,005942964
298;0,005564268
299;0,0052097
300;0,004877724
;
Plot|Infectious people;
X;Y
1;1,053444736
2;1,339511398
3;1,887738668
4;2,782929273
5;4,175842803
6;6,307067295
7;9,547160566
8;14,45896064
9;21,89113387
10;33,11554176
11;50,02411761
12;75,40127103
13;113,279573
14;169,3575011
15;251,3872215
16;369,3014869
17;534,6388833
18;758,6477013
19;1048,624789
20;1403,058288
21;1807,941808
22;2237,587933
23;2661,079584
24;3051,042972
25;3389,554482
26;3668,93191
27;3889,07756
28;4054,126381
29;4169,953765
30;4242,774974
31;4278,507266
32;4282,539192
33;4259,682535
34;4214,195216
35;4149,827227
36;4069,871078
37;3977,21027
38;3874,363869
39;3763,526813
40;3646,606141
41;3525,253467
42;3400,894049
43;3274,752788
44;3147,877473
45;3021,159534
46;2895,352582
47;2771,088937
48;2648,89437
49;2529,201236
50;2412,360156
51;2298,650421
52;2188,289219
53;2081,439847
54;1978,218975
55;1878,703088
56;1782,934192
57;1690,924843
58;1602,662596
59;1518,113915
60;1437,227622
61;1359,937915
62;1286,16702
63;1215,827507
64;1148,824304
65;1085,05646
66;1024,418664
67;966,802559
68;912,0978798
69;860,1934182
70;810,9778524
71;764,340447
72;720,1716433
73;678,3635503
74;638,8103517
75;601,4086363
76;566,0576635
77;532,659572
78;501,1195381
79;471,3458913
80;443,2501933
81;416,747284
82;391,7553014
83;368,1956775
84;345,9931148
85;325,0755464
86;305,3740825
87;286,8229453
88;269,3593949
89;252,9236483
90;237,4587919
91;222,9106909
92;209,2278944
93;196,3615395
94;184,2652537
95;172,8950575
96;162,2092664
97;152,1683949
98;142,7350612
99;133,8738934
100;125,5514383
101;117,7360719
102;110,397913
103;103,508739
104;97,04190403
105;90,97226106
106;85,27608572
107;79,93100368
108;74,91592067
109;70,21095541
110;65,79737546
111;61,6575358
112;57,77482015
113;54,1335851
114;50,71910669
115;47,51752968
116;44,51581919
117;41,70171476
118;39,06368673
119;36,5908948
120;34,27314872
121;32,10087107
122;30,06506192
123;28,15726544
124;26,36953827
125;24,69441956
126;23,12490274
127;21,65440874
128;20,27676075
129;18,98616039
130;17,77716519
131;16,64466735
132;15,58387372
133;14,59028691
134;13,65968747
135;12,78811715
136;11,97186309
137;11,20744289
138;10,49159066
139;9,821243809
140;9,193530602
141;8,605758524
142;8,055403271
143;7,540098426
144;7,057625739
145;6,605906001
146;6,182990454
147;5,787052728
148;5,416381261
149;5,069372177
150;4,7445226
151;4,440424371
152;4,155758149
153;3,889287874
154;3,63985557
155;3,406376461
156;3,187834393
157;2,983277535
158;2,79181435
159;2,612609802
160;2,444881817
161;2,287897945
162;2,140972239
163;2,003462329
164;1,874766669
165;1,754321968
166;1,641600768
167;1,536109186
168;1,437384786
169;1,344994592
170;1,258533223
171;1,177621143
172;1,101903024
173;1,03104621
174;0,964739278
175;0,902690689
176;0,844627527
177;0,790294312
178;0,739451893
179;0,691876409
180;0,647358315
181;0,605701471
182;0,566722287
183;0,530248924
184;0,496120543
185;0,464186607
186;0,43430622
187;0,40634751
188;0,380187061
189;0,355709361
190;0,332806309
191;0,311376731
192;0,291325944
193;0,272565339
194;0,255011989
195;0,238588291
196;0,223221622
197;0,208844018
198;0,195391883
199;0,182805699
200;0,171029775
201;0,160011994
202;0,149703587
203;0,14005892
204;0,13103529
205;0,122592736
206;0,11469387
207;0,107303703
208;0,100389496
209;0,093920618
210;0,087868403
211;0,08220603
212;0,076908405
213;0,071952046
214;0,06731498
215;0,06297665
216;0,058917821
217;0,055120495
218;0,051567832
219;0,048244075
220;0,045134483
221;0,042225263
222;0,039503508
223;0,036957143
224;0,034574872
225;0,032346124
226;0,030261008
227;0,028310272
228;0,026485258
229;0,024777868
230;0,023180521
231;0,021686128
232;0,020288056
233;0,018980097
234;0,017756446
235;0,01661167
236;0,015540685
237;0,014538737
238;0,013601376
239;0,01272444
240;0,011904035
241;0,011136518
242;0,010418479
243;0,00974673
244;0,009118288
245;0,00853036
246;0,007980336
247;0,007465772
248;0,006984383
249;0,00653403
250;0,006112712
251;0,005718558
252;0,005349817
253;0,005004851
254;0,004682127
255;0,00438021
256;0,00409776
257;0,003833522
258;0,003586322
259;0,00335506
260;0,00313871
261;0,002936311
262;0,002746962
263;0,002569822
264;0,002404105
265;0,002249073
266;0,002104038
267;0,001968355
268;0,001841422
269;0,001722673
270;0,001611582
271;0,001507655
272;0,001410429
273;0,001319473
274;0,001234382
275;0,001154778
276;0,001080308
277;0,00101064
278;0,000945464
279;0,000884492
280;0,000827451
281;0,000774089
282;0,000724168
283;0,000677466
284;0,000633776
285;0,000592903
286;0,000554667
287;0,000518896
288;0,000485432
289;0,000454126
290;0,000424838
291;0,00039744
292;0,000371808
293;0,00034783
294;0,000325398
295;0,000304412
296;0,00028478
297;0,000266414
298;0,000249232
299;0,000233159
300;0,000218122
;
Plot|Infectious people;
X;Y
1;1,023507142
2;1,21641253
3;1,585244064
4;2,165221086
5;3,021743146
6;4,256697916
7;6,019856867
8;8,526389779
9;12,08229154
10;17,12035019
11;24,25021381
12;34,32706583
13;48,54414407
14;68,55424351
15;96,62318651
16;135,811717
17;190,1675284
18;264,8808155
19;366,3099697
20;501,7211989
21;678,5315529
22;902,865695
23;1177,440382
24;1499,245859
25;1858,044713
26;2236,859032
27;2614,864429
28;2971,703909
29;3291,318631
30;3563,831407
31;3785,330143
32;3956,398174
33;4080,379377
34;4161,967876
35;4206,281457
36;4218,342358
37;4202,82786
38;4163,974904
39;4105,563414
40;4030,935891
41;3943,0315
42;3844,424281
43;3737,360866
44;3623,795815
45;3505,423949
46;3383,709597
47;3259,912884
48;3135,113301
49;3010,230788
50;2886,04457
51;2763,209975
52;2642,273428
53;2523,685817
54;2407,81439
55;2294,953343
56;2185,333229
57;2079,129312
58;1976,468984
59;1877,438326
60;1782,087927
61;1690,43802
62;1602,483019
63;1518,195517
64;1437,529804
65;1360,424959
66;1286,807556
67;1216,594038
68;1149,692783
69;1086,005904
70;1025,430815
71;967,8615783
72;913,1900717
73;861,3069863
74;812,1026799
75;765,4679015
76;721,2944012
77;679,4754416
78;639,90622
79;602,4842152
80;567,1094663
81;533,6847932
82;502,1159659
83;472,3118304
84;444,1843956
85;417,648888
86;392,6237778
87;369,0307817
88;346,7948445
89;325,8441046
90;306,1098445
91;287,5264302
92;270,0312401
93;253,5645876
94;238,0696362
95;223,4923112
96;209,7812075
97;196,8874951
98;184,7648236
99;173,3692263
100;162,6590234
101;152,5947275
102;143,1389488
103;134,2563028
104;125,9133198
105;118,0783559
106;110,7215074
107;103,8145268
108;97,33074215
109;91,24497887
110;85,5334842
111;80,17385485
112;75,14496732
113;70,42691103
114;66,00092435
115;61,84933334
116;57,95549325
117;54,3037327
118;50,87930037
119;47,66831438
120;44,65771391
121;41,83521342
122;39,18925894
123;36,70898672
124;34,38418393
125;32,20525144
126;30,16316846
127;28,24945918
128;26,4561611
129;24,77579508
130;23,20133707
131;21,72619132
132;20,34416516
133;19,04944507
134;17,83657419
135;16,70043104
136;15,63620948
137;14,63939978
138;13,7057708
139;12,8313532
140;12,0124236
141;11,24548968
142;10,52727612
143;9,854711425
144;9,224915453
145;8,63518773
146;8,082996442
147;7,565968075
148;7,081877687
149;6,628639749
150;6,204299548
151;5,807025096
152;5,435099537
153;5,086914005
154;4,760960925
155;4,455827712
156;4,170190859
157;3,902810383
158;3,652524618
159;3,418245314
160;3,198953052
161;2,993692929
162;2,801570519
163;2,621748072
164;2,453440962
165;2,29591434
166;2,148480006
167;2,010493474
168;1,881351209
169;1,760488053
170;1,647374795
171;1,541515905
172;1,442447403
173;1,349734861
174;1,262971538
175;1,18177662
176;1,10579358
177;1,034688637
178;0,968149313
179;0,90588308
180;0,847616093
181;0,793092002
182;0,74207084
183;0,694327979
184;0,649653158
185;0,607849562
186;0,568732972
187;0,532130957
188;0,497882125
189;0,465835417
190;0,43584945
191;0,407791898
192;0,381538916
193;0,356974592
194;0,333990449
195;0,312484961
196;0,292363117
197;0,273535997
198;0,255920386
199;0,239438411
200;0,224017193
201;0,209588532
202;0,196088608
203;0,183457697
204;0,17163991
205;0,160582947
206;0,150237871
207;0,140558884
208;0,131503134
209;0,123030521
210;0,115103523
211;0,107687028
212;0,100748183
213;0,094256248
214;0,088182455
215;0,08249989
216;0,077183369
217;0,072209327
218;0,067555714
219;0,0632019
220;0,059128581
221;0,055317696
222;0,051752346
223;0,048416717
224;0,045296016
225;0,0423764
226;0,039644919
227;0,037089453
228;0,034698665
229;0,032461948
230;0,030369376
231;0,028411664
232;0,026580122
233;0,024866623
234;0,023263562
235;0,021763822
236;0,020360746
237;0,019048107
238;0,017820075
239;0,016671201
240;0,015596382
241;0,014590846
242;0,013650129
243;0,012770052
244;0,011946709
245;0,011176442
246;0,010455832
247;0,009781676
248;0,009150982
249;0,008560948
250;0,008008953
251;0,007492545
252;0,00700943
253;0,006557463
254;0,006134636
255;0,005739069
256;0,005369006
257;0,005022803
258;0,004698922
259;0,004395923
260;0,004112461
261;0,003847275
262;0,003599188
263;0,003367097
264;0,003149972
265;0,002946846
266;0,002756818
267;0,002579043
268;0,002412731
269;0,002257143
270;0,002111588
271;0,001975419
272;0,00184803
273;0,001728856
274;0,001617366
275;0,001513066
276;0,001415491
277;0,001324208
278;0,001238812
279;0,001158923
280;0,001084185
281;0,001014267
282;0,000948858
283;0,000887666
284;0,000830421
285;0,000776867
286;0,000726767
287;0,000679898
288;0,000636051
289;0,000595032
290;0,000556658
291;0,000520758
292;0,000487174
293;0,000455756
294;0,000426364
295;0,000398867
296;0,000373143
297;0,000349079
298;0,000326566
299;0,000305505
300;0,000285803
;
Plot|Infectious people;
X;Y
1;1,029470366
2;1,240648615
3;1,643755708
4;2,282107391
5;3,234790635
6;4,625324039
7;6,636864642
8;9,535532696
9;13,70446976
10;19,69240981
11;28,28182367
12;40,58291883
13;58,16041619
14;83,19887513
15;118,7069504
16;168,7469178
17;238,6462404
18;335,0949837
19;465,9546407
20;639,5228675
21;862,9913186
22;1140,043386
23;1468,087667
24;1836,356869
25;2226,371466
26;2615,34202
27;2981,254879
28;3307,232241
29;3583,43457
30;3806,504707
31;3977,716004
32;4101,001882
33;4181,46962
34;4224,490541
35;4235,227396
36;4218,428439
37;4178,362631
38;4118,821572
39;4043,149415
40;3954,28235
41;3854,789514
42;3746,911998
43;3632,598797
44;3513,539403
45;3391,193159
46;3266,815576
47;3141,481905
48;3016,108194
49;2891,470106
50;2768,219709
51;2646,900444
52;2527,960469
53;2411,764538
54;2298,60456
55;2188,708997
56;2082,2512
57;1979,356806
58;1880,110292
59;1784,560776
60;1692,727144
61;1604,602573
62;1520,158526
63;1439,348253
64;1362,109879
65;1288,369106
66;1218,041573
67;1151,034923
68;1087,250592
69;1026,585372
70;968,9327556
71;914,1840953
72;862,2296001
73;812,9591842
74;766,2631886
75;722,0329882
76;680,1615
77;640,5436033
78;603,0764841
79;567,6599118
80;534,1964575
81;502,5916625
82;472,7541614
83;444,5957686
84;418,0315308
85;392,9797526
86;369,3619978
87;347,10307
88;326,1309773
89;306,3768819
90;287,7750383
91;270,2627225
92;253,7801526
93;238,2704045
94;223,6793221
95;209,9554253
96;197,0498145
97;184,9160751
98;173,5101806
99;162,7903963
100;152,7171836
101;143,2531055
102;134,3627336
103;126,0125574
104;118,1708957
105;110,8078096
106;103,8950193
107;97,40582295
108;91,31501789
109;85,59882559
110;80,23481876
111;75,20185162
112;70,47999289
113;66,05046173
114;61,89556636
115;57,99864543
116;54,34401217
117;50,91690093
118;47,70341652
119;44,69048576
120;41,86581158
121;39,21782932
122;36,73566527
123;34,40909736
124;32,22851781
125;30,18489783
126;28,26975416
127;26,47511732
128;24,79350173
129;23,2178773
130;21,7416427
131;20,35860001
132;19,06293085
133;17,84917384
134;16,71220326
135;15,64720905
136;14,6496778
137;13,71537497
138;12,84032802
139;12,02081061
140;11,25332763
141;10,53460121
142;9,86155743
143;9,231313903
144;8,641168063
145;8,088586143
146;7,571192807
147;7,086761413
148;6,633204848
149;6,208566916
150;5,811014249
151;5,438828703
152;5,090400211
153;4,764220073
154;4,458874656
155;4,173039476
156;3,905473638
157;3,655014621
158;3,420573381
159;3,201129754
160;2,995728145
161;2,803473478
162;2,6235274
163;2,455104717
164;2,297470053
165;2,149934717
166;2,011853759
167;1,882623216
168;1,761677528
169;1,648487108
170;1,542556074
171;1,44342012
172;1,350644512
173;1,263822221
174;1,182572166
175;1,106537572
176;1,035384423
177;0,968800024
178;0,906491642
179;0,848185241
180;0,793624294
181;0,742568666
182;0,694793576
183;0,650088616
184;0,608256836
185;0,569113889
186;0,532487225
187;0,498215341
188;0,466147075
189;0,436140947
190;0,408064541
191;0,381793924
192;0,357213109
193;0,334213542
194;0,31269363
195;0,292558294
196;0,273718556
197;0,256091144
198;0,239598131
199;0,224166589
200;0,209728273
201;0,196219318
202;0,18357996
203;0,171754273
204;0,160689921
205;0,150337933
206;0,140652482
207;0,131590685
208;0,123112417
209;0,115180128
210;0,107758685
211;0,100815213
212;0,094318948
213;0,088241106
214;0,082554753
215;0,07723469
216;0,072257333
217;0,067600621
218;0,063243907
219;0,059167876
220;0,055354454
221;0,05178673
222;0,048448882
223;0,045326104
224;0,042404546
225;0,039671247
226;0,037114082
227;0,034721705
228;0,0324835
229;0,030389537
230;0,028430523
231;0,026597765
232;0,024883127
233;0,023279
234;0,021778264
235;0,020374256
236;0,019060745
237;0,017831898
238;0,016682261
239;0,015606728
240;0,014600524
241;0,013659182
242;0,012778522
243;0,011954632
244;0,011183854
245;0,010462765
246;0,009788163
247;0,00915705
248;0,008566624
249;0,008014263
250;0,007497512
251;0,007014077
252;0,00656181
253;0,006138702
254;0,005742873
255;0,005372565
256;0,005026133
257;0,004702036
258;0,004398837
259;0,004115186
260;0,003849825
261;0,003601573
262;0,003369329
263;0,003152059
264;0,002948799
265;0,002758645
266;0,002580752
267;0,00241433
268;0,002258639
269;0,002112987
270;0,001976728
271;0,001849254
272;0,001730001
273;0,001618437
274;0,001514068
275;0,001416429
276;0,001325086
277;0,001239633
278;0,001159691
279;0,001084903
280;0,001014939
281;0,000949486
282;0,000888254
283;0,000830971
284;0,000777382
285;0,000727248
286;0,000680348
287;0,000636472
288;0,000595426
289;0,000557026
290;0,000521103
291;0,000487497
292;0,000456058
293;0,000426646
294;0,000399131
295;0,00037339
296;0,00034931
297;0,000326782
298;0,000305707
299;0,000285992
300;0,000267548
;
Plot|Infectious people;
X;Y
1;0,993872512
2;1,098064203
3;1,307076081
4;1,627780098
5;2,078264778
6;2,688086376
7;3,499732112
8;4,571261767
9;5,980222805
10;7,829049462
11;10,25226955
12;13,42596186
13;17,58003559
14;23,01403903
15;30,11733828
16;39,39461244
17;51,49764212
18;67,26423505
19;87,7646902
20;114,3552144
21;148,7358274
22;193,0070547
23;249,7145784
24;321,8636093
25;412,875285
26;526,4476341
27;666,278093
28;835,6115232
29;1036,608377
30;1269,590705
31;1532,313414
32;1819,491329
33;2122,829324
34;2431,698545
35;2734,384086
36;3019,596642
37;3277,830571
38;3502,232698
39;3688,86169
40;3836,434124
41;3945,769243
42;4019,14551
43;4059,715538
44;4071,047658
45;4056,80458
46;4020,539093
47;3965,577186
48;3894,960686
49;3811,427604
50;3717,414841
51;3615,073198
52;3506,288444
53;3392,704722
54;3275,748191
55;3156,649747
56;3036,466264
57;2916,100121
58;2796,316961
59;2677,761724
60;2560,973066
61;2446,396273
62;2334,394801
63;2225,26057
64;2119,223132
65;2016,457822
66;1917,092992
67;1821,216434
68;1728,881059
69;1640,109929
70;1554,900691
71;1473,229496
72;1395,054445
73;1320,31861
74;1248,9527
75;1180,877374
76;1116,005281
77;1054,242814
78;995,4916571
79;939,6501015
80;886,6141967
81;836,2787305
82;788,5380685
83;743,2868676
84;700,4206778
85;659,8364459
86;621,4329338
87;585,1110609
88;550,7741816
89;518,3283039
90;487,6822596
91;458,7478297
92;431,4398338
93;405,6761858
94;381,3779228
95;358,4692108
96;336,8773289
97;316,5326384
98;297,368537
99;279,321401
100;262,3305187
101;246,3380164
102;231,2887773
103;217,1303568
104;203,8128942
105;191,2890221
106;179,513774
107;168,4444922
108;158,0407348
109;148,2641838
110;139,0785545
111;130,4495054
112;122,3445515
113;114,732978
114;107,5857574
115;100,8754686
116;94,57621815
117;88,66356542
118;83,11444892
119;77,90711641
120;73,02105732
121;68,43693805
122;64,13653993
123;60,10269987
124;56,31925366
125;52,77098181
126;49,44355793
127;46,32349958
128;43,39812142
129;40,6554907
130;38,08438499
131;35,67425196
132;33,41517134
133;31,2978187
134;29,31343124
135;27,45377537
136;25,71111595
137;24,0781873
138;22,54816566
139;21,1146433
140;19,77160389
141;18,51339943
142;17,3347283
143;16,23061466
144;15,19638895
145;14,22766955
146;13,32034547
147;12,47056
148;11,67469539
149;10,92935834
150;10,23136637
151;9,577735007
152;8,965665673
153;8,392534352
154;7,85588088
155;7,353398895
156;6,88292638
157;6,442436771
158;6,030030604
159;5,643927655
160;5,282459567
161;4,944062909
162;4,627272669
163;4,330716134
164;4,053107145
165;3,793240701
166;3,549987902
167;3,322291186
168;3,109159875
169;2,909665984
170;2,722940292
171;2,548168655
172;2,384588551
173;2,231485829
174;2,088191672
175;1,954079737
176;1,828563484
177;1,711093661
178;1,601155951
179;1,498268769
180;1,401981189
181;1,311871006
182;1,227542917
183;1,148626821
184;1,074776217
185;1,005666708
186;0,940994603
187;0,880475596
188;0,823843541
189;0,770849291
190;0,721259625
191;0,674856226
192;0,631434741
193;0,590803887
194;0,552784617
195;0,517209345
196;0,483921212
197;0,452773402
198;0,423628503
199;0,396357906
200;0,37084124
201;0,346965852
202;0,324626308
203;0,303723933
204;0,284166383
205;0,265867234
206;0,248745609
207;0,232725817
208;0,217737026
209;0,203712952
210;0,190591564
211;0,178314814
212;0,166828382
213;0,156081436
214;0,146026411
215;0,136618794
216;0,127816936
217;0,119581862
218;0,111877101
219;0,104668529
220;0,097924213
221;0,091614273
222;0,085710752
223;0,080187489
224;0,075020006
225;0,0701854
226;0,065662238
227;0,06143047
228;0,057471333
229;0,053767271
230;0,05030186
231;0,047059731
232;0,044026504
233;0,041188726
234;0,038533806
235;0,036049969
236;0,033726193
237;0,031552168
238;0,029518248
239;0,027615407
240;0,0258352
241;0,024169727
242;0,022611596
243;0,02115389
244;0,019790138
245;0,018514288
246;0,017320675
247;0,016203999
248;0,015159303
249;0,014181949
250;0,013267596
251;0,012412185
252;0,011611916
253;0,010863237
254;0,010162822
255;0,00950756
256;0,008894541
257;0,008321042
258;0,007784516
259;0,007282581
260;0,006813005
261;0,006373704
262;0,005962726
263;0,005578245
264;0,005218553
265;0,004882052
266;0,004567247
267;0,004272739
268;0,00399722
269;0,003739466
270;0,003498331
271;0,003272744
272;0,003061703
273;0,00286427
274;0,002679567
275;0,002506774
276;0,002345122
277;0,002193895
278;0,002052418
279;0,001920065
280;0,001796246
281;0,001680411
282;0,001572045
283;0,001470668
284;0,001375827
285;0,001287103
286;0,001204099
287;0,001126449
288;0,001053805
289;0,000985846
290;0,00092227
291;0,000862793
292;0,000807152
293;0,000755099
294;0,000706403
295;0,000660847
296;0,000618228
297;0,000578359
298;0,00054106
299;0,000506166
300;0,000473523
